Workbook
Name Slicer_District: #N/A
Name Slicer_District1: #N/A

Sheet DASHBOARD
E1: WB DEALERS AGING STOCK TRACKER DASHBOARD

Sheet N24
E1: NORTH 24 PARGANAS | R1: Total | S1: 12
R2: Subject | S2: Liquidation of RCF high Aging Stock
E6: AMAL SALES CORPORATION | R6: =HYPERLINK("https://mail.google.com/mail/?view=cm&to="&R8&"&su=Liquidation%20of%20RCF%20high%20Aging%20Stock","SEND EMAIL") -> SEND EMAIL
F7: Previous | L7: Current | R7: to
F8: UREA | G8: S-15 | H8: 10-26-26 | I8: MOP | J8: DAP | K8: TOTAL | L8: UREA | M8: S-15 | N8: 10-26-26 | O8: MOP | P8: DAP | Q8: TOTAL | R8: amalsalescorpn@gmail.com
E9: 181-365 | F9: =SUMIFS('WH+RT PREVIOUS'!$M$2:$M$15000,'WH+RT PREVIOUS'!$B$2:$B$15000,"N.C.Urea(45kg)",'WH+RT PREVIOUS'!$S$2:$S$15000,"Amal Sales Corporation",'WH+RT PREVIOUS'!$N$2:$N$15000,">179",'WH+RT PREVIOUS'!$N$2:$N$15000,"<366") -> 0 | G9: =SUMIFS('WH+RT PREVIOUS'!$M$2:$M$15000,'WH+RT PREVIOUS'!$B$2:$B$15000,"15-15-15",'WH+RT PREVIOUS'!$S$2:$S$15000,"Amal Sales Corporation",'WH+RT PREVIOUS'!$N$2:$N$15000,">179",'WH+RT PREVIOUS'!$N$2:$N$15000,"<366") -> 5.35 | H9: =SUMIFS('WH+RT PREVIOUS'!$M$2:$M$15000,'WH+RT PREVIOUS'!$B$2:$B$15000,"Imp 10-26-26",'WH+RT PREVIOUS'!$S$2:$S$15000,"Amal Sales Corporation",'WH+RT PREVIOUS'!$N$2:$N$15000,">179",'WH+RT PREVIOUS'!$N$2:$N$15000,"<366") -> 0 | I9: =SUMIFS('WH+RT PREVIOUS'!$M$2:$M$15000,'WH+RT PREVIOUS'!$B$2:$B$15000,"MOP",'WH+RT PREVIOUS'!$S$2:$S$15000,"Amal Sales Corporation",'WH+RT PREVIOUS'!$N$2:$N$15000,">179",'WH+RT PREVIOUS'!$N$2:$N$15000,"<366") -> 0 | J9: =SUMIFS('WH+RT PREVIOUS'!$M$2:$M$15000,'WH+RT PREVIOUS'!$B$2:$B$15000,"Imp DAP",'WH+RT PREVIOUS'!$S$2:$S$15000,"Amal Sales Corporation",'WH+RT PREVIOUS'!$N$2:$N$15000,">179",'WH+RT PREVIOUS'!$N$2:$N$15000,"<366") -> 0 | K9: =F9+G9+H9+I9 -> 5.35 | L9: =SUMIFS('WH+RT CURRENT'!$M$2:$M$15000,'WH+RT CURRENT'!$B$2:$B$15000,"N.C.Urea(45kg)",'WH+RT CURRENT'!$S$2:$S$15000,"Amal Sales Corporation",'WH+RT CURRENT'!$N$2:$N$15000,">179",'WH+RT CURRENT'!$N$2:$N$15000,"<366") -> 0.18 | M9: =SUMIFS('WH+RT CURRENT'!$M$2:$M$15000,'WH+RT CURRENT'!$B$2:$B$15000,"15-15-15",'WH+RT CURRENT'!$S$2:$S$15000,"Amal Sales Corporation",'WH+RT CURRENT'!$N$2:$N$15000,">179",'WH+RT CURRENT'!$N$2:$N$15000,"<366") -> 5.3 | N9: =SUMIFS('WH+RT CURRENT'!$M$2:$M$15000,'WH+RT CURRENT'!$B$2:$B$15000,"Imp 10-26-26",'WH+RT CURRENT'!$S$2:$S$15000,"Amal Sales Corporation",'WH+RT CURRENT'!$N$2:$N$15000,">179",'WH+RT CURRENT'!$N$2:$N$15000,"<366") -> 0 | O9: =SUMIFS('WH+RT CURRENT'!$M$2:$M$15000,'WH+RT CURRENT'!$B$2:$B$15000,"MOP",'WH+RT CURRENT'!$S$2:$S$15000,"Amal Sales Corporation",'WH+RT CURRENT'!$N$2:$N$15000,">179",'WH+RT CURRENT'!$N$2:$N$15000,"<366") -> 0 | P9: =SUMIFS('WH+RT CURRENT'!$M$2:$M$15000,'WH+RT CURRENT'!$B$2:$B$15000,"Imp DAP",'WH+RT CURRENT'!$S$2:$S$15000,"Amal Sales Corporation",'WH+RT CURRENT'!$N$2:$N$15000,">179",'WH+RT CURRENT'!$N$2:$N$15000,"<366") -> 0 | Q9: =L9+M9+N9+O9 -> 5.48
E10: 366+ | F10: =SUMIFS('WH+RT PREVIOUS'!$M$2:$M$15000,'WH+RT PREVIOUS'!$B$2:$B$15000,"N.C.Urea(45kg)",'WH+RT PREVIOUS'!$S$2:$S$15000,"Amal Sales Corporation",'WH+RT PREVIOUS'!$N$2:$N$15000,">365") -> 0.155 | G10: =SUMIFS('WH+RT PREVIOUS'!$M$2:$M$15000,'WH+RT PREVIOUS'!$B$2:$B$15000,"15-15-15",'WH+RT PREVIOUS'!$S$2:$S$15000,"Amal Sales Corporation",'WH+RT PREVIOUS'!$N$2:$N$15000,">365") -> 0.746 | H10: =SUMIFS('WH+RT PREVIOUS'!$M$2:$M$15000,'WH+RT PREVIOUS'!$B$2:$B$15000,"Imp 10-26-26",'WH+RT PREVIOUS'!$S$2:$S$15000,"Amal Sales Corporation",'WH+RT PREVIOUS'!$N$2:$N$15000,">365") -> 0 | I10: =SUMIFS('WH+RT PREVIOUS'!$M$2:$M$15000,'WH+RT PREVIOUS'!$B$2:$B$15000,"MOP",'WH+RT PREVIOUS'!$S$2:$S$15000,"Amal Sales Corporation",'WH+RT PREVIOUS'!$N$2:$N$15000,">365") -> 0 | J10: =SUMIFS('WH+RT PREVIOUS'!$M$2:$M$15000,'WH+RT PREVIOUS'!$B$2:$B$15000,"Imp DAP",'WH+RT PREVIOUS'!$S$2:$S$15000,"Amal Sales Corporation",'WH+RT PREVIOUS'!$N$2:$N$15000,">365") -> 0 | K10: =F10+G10+H10+I10 -> 0.901 | L10: =SUMIFS('WH+RT CURRENT'!$M$2:$M$15000,'WH+RT CURRENT'!$B$2:$B$15000,"N.C.Urea(45kg)",'WH+RT CURRENT'!$S$2:$S$15000,"Amal Sales Corporation",'WH+RT CURRENT'!$N$2:$N$15000,">365") -> 0.155 | M10: =SUMIFS('WH+RT CURRENT'!$M$2:$M$15000,'WH+RT CURRENT'!$B$2:$B$15000,"15-15-15",'WH+RT CURRENT'!$S$2:$S$15000,"Amal Sales Corporation",'WH+RT CURRENT'!$N$2:$N$15000,">365") -> 0.746 | N10: =SUMIFS('WH+RT CURRENT'!$M$2:$M$15000,'WH+RT CURRENT'!$B$2:$B$15000,"Imp 10-26-26",'WH+RT CURRENT'!$S$2:$S$15000,"Amal Sales Corporation",'WH+RT CURRENT'!$N$2:$N$15000,">365") -> 0 | O10: =SUMIFS('WH+RT CURRENT'!$M$2:$M$15000,'WH+RT CURRENT'!$B$2:$B$15000,"MOP",'WH+RT CURRENT'!$S$2:$S$15000,"Amal Sales Corporation",'WH+RT CURRENT'!$N$2:$N$15000,">365") -> 0 | P10: =SUMIFS('WH+RT CURRENT'!$M$2:$M$15000,'WH+RT CURRENT'!$B$2:$B$15000,"Imp DAP",'WH+RT CURRENT'!$S$2:$S$15000,"Amal Sales Corporation",'WH+RT CURRENT'!$N$2:$N$15000,">365") -> 0 | Q10: =L10+M10+N10+O10 -> 0.901
E11: GRAND TOTAL | F11: =F9+F10 -> 0.155 | G11: =G9+G10 -> 6.096 | H11: =H9+H10 -> 0 | I11: =I9+I10 -> 0 | J11: =J9+J10 -> 0 | K11: =F11+G11+H11+I11 -> 6.251 | L11: =L9+L10 -> 0.335 | M11: =M9+M10 -> 6.046 | N11: =N9+N10 -> 0 | O11: =O9+O10 -> 0 | P11: =P9+P10 -> 0 | Q11: =L11+M11+N11+O11 -> 6.381
E12: TOTAL STOCK | F12: =SUMIFS('WH+RT PREVIOUS'!$M$2:$M$15000,'WH+RT PREVIOUS'!$B$2:$B$15000,"N.C.Urea(45kg)",'WH+RT PREVIOUS'!$S$2:$S$15000,"Amal Sales Corporation") -> 16.25 | G12: =SUMIFS('WH+RT PREVIOUS'!$M$2:$M$15000,'WH+RT PREVIOUS'!$B$2:$B$15000,"15-15-15",'WH+RT PREVIOUS'!$S$2:$S$15000,"Amal Sales Corporation") -> 27.616 | H12: =SUMIFS('WH+RT PREVIOUS'!$M$2:$M$15000,'WH+RT PREVIOUS'!$B$2:$B$15000,"Imp 10-26-26",'WH+RT PREVIOUS'!$S$2:$S$15000,"Amal Sales Corporation") -> 4.5 | I12: =SUMIFS('WH+RT PREVIOUS'!$M$2:$M$15000,'WH+RT PREVIOUS'!$B$2:$B$15000,"MOP",'WH+RT PREVIOUS'!$S$2:$S$15000,"Amal Sales Corporation") -> 8.35 | J12: =SUMIFS('WH+RT PREVIOUS'!$M$2:$M$15000,'WH+RT PREVIOUS'!$B$2:$B$15000,"Imp DAP",'WH+RT PREVIOUS'!$S$2:$S$15000,"Amal Sales Corporation") -> 0 | K12: =F12+G12+H12+I12 -> 56.716 | L12: =SUMIFS('WH+RT CURRENT'!$M$2:$M$15000,'WH+RT CURRENT'!$B$2:$B$15000,"N.C.Urea(45kg)",'WH+RT CURRENT'!$S$2:$S$15000,"Amal Sales Corporation") -> 21.65 | M12: =SUMIFS('WH+RT CURRENT'!$M$2:$M$15000,'WH+RT CURRENT'!$B$2:$B$15000,"15-15-15",'WH+RT CURRENT'!$S$2:$S$15000,"Amal Sales Corporation") -> 23.966 | N12: =SUMIFS('WH+RT CURRENT'!$M$2:$M$15000,'WH+RT CURRENT'!$B$2:$B$15000,"Imp 10-26-26",'WH+RT CURRENT'!$S$2:$S$15000,"Amal Sales Corporation") -> 7.5 | O12: =SUMIFS('WH+RT CURRENT'!$M$2:$M$15000,'WH+RT CURRENT'!$B$2:$B$15000,"MOP",'WH+RT CURRENT'!$S$2:$S$15000,"Amal Sales Corporation") -> 8.35 | P12: =SUMIFS('WH+RT CURRENT'!$M$2:$M$15000,'WH+RT CURRENT'!$B$2:$B$15000,"imp DAP",'WH+RT CURRENT'!$S$2:$S$15000,"Amal Sales Corporation") -> 0 | Q12: =L12+M12+N12+O12 -> 61.466
E15: B K ROY
F16: Previous | L16: Current
F17: UREA | G17: S-15 | H17: 10-26-26 | I17: MOP | J17: DAP | K17: TOTAL | L17: UREA | M17: S-15 | N17: 10-26-26 | O17: MOP | P17: DAP | Q17: TOTAL
E18: 181-365 | F18: =SUMIFS('WH+RT PREVIOUS'!$M$2:$M$15000,'WH+RT PREVIOUS'!$B$2:$B$15000,"N.C.Urea(45kg)",'WH+RT PREVIOUS'!$S$2:$S$15000,"B K ROY AND COMPANY",'WH+RT PREVIOUS'!$N$2:$N$15000,">179",'WH+RT PREVIOUS'!$N$2:$N$15000,"<366") -> 3.062 | G18: =SUMIFS('WH+RT PREVIOUS'!$M$2:$M$15000,'WH+RT PREVIOUS'!$B$2:$B$15000,"15-15-15",'WH+RT PREVIOUS'!$S$2:$S$15000,"B K ROY AND COMPANY",'WH+RT PREVIOUS'!$N$2:$N$15000,">179",'WH+RT PREVIOUS'!$N$2:$N$15000,"<366") -> 1.9 | H18: =SUMIFS('WH+RT PREVIOUS'!$M$2:$M$15000,'WH+RT PREVIOUS'!$B$2:$B$15000,"Imp 10-26-26",'WH+RT PREVIOUS'!$S$2:$S$15000,"B K ROY AND COMPANY",'WH+RT PREVIOUS'!$N$2:$N$15000,">179",'WH+RT PREVIOUS'!$N$2:$N$15000,"<366") -> 0 | I18: =SUMIFS('WH+RT PREVIOUS'!$M$2:$M$15000,'WH+RT PREVIOUS'!$B$2:$B$15000,"MOP",'WH+RT PREVIOUS'!$S$2:$S$15000,"B K ROY AND COMPANY",'WH+RT PREVIOUS'!$N$2:$N$15000,">179",'WH+RT PREVIOUS'!$N$2:$N$15000,"<366") -> 0 | J18: =SUMIFS('WH+RT PREVIOUS'!$M$2:$M$15000,'WH+RT PREVIOUS'!$B$2:$B$15000,"Imp DAP",'WH+RT PREVIOUS'!$S$2:$S$15000,"B K ROY AND COMPANY",'WH+RT PREVIOUS'!$N$2:$N$15000,">179",'WH+RT PREVIOUS'!$N$2:$N$15000,"<366") -> 0 | K18: =F18+G18+H18+I18 -> 4.962 | L18: =SUMIFS('WH+RT CURRENT'!$M$2:$M$15000,'WH+RT CURRENT'!$B$2:$B$15000,"N.C.Urea(45kg)",'WH+RT CURRENT'!$S$2:$S$15000,"B K ROY AND COMPANY",'WH+RT CURRENT'!$N$2:$N$15000,">179",'WH+RT CURRENT'!$N$2:$N$15000,"<366") -> 3.062 | M18: =SUMIFS('WH+RT CURRENT'!$M$2:$M$15000,'WH+RT CURRENT'!$B$2:$B$15000,"15-15-15",'WH+RT CURRENT'!$S$2:$S$15000,"B K ROY AND COMPANY",'WH+RT CURRENT'!$N$2:$N$15000,">179",'WH+RT CURRENT'!$N$2:$N$15000,"<366") -> 1.9 | N18: =SUMIFS('WH+RT CURRENT'!$M$2:$M$15000,'WH+RT CURRENT'!$B$2:$B$15000,"Imp 10-26-26",'WH+RT CURRENT'!$S$2:$S$15000,"B K ROY AND COMPANY",'WH+RT CURRENT'!$N$2:$N$15000,">179",'WH+RT CURRENT'!$N$2:$N$15000,"<366") -> 0 | O18: =SUMIFS('WH+RT CURRENT'!$M$2:$M$15000,'WH+RT CURRENT'!$B$2:$B$15000,"MOP",'WH+RT CURRENT'!$S$2:$S$15000,"B K ROY AND COMPANY",'WH+RT CURRENT'!$N$2:$N$15000,">179",'WH+RT CURRENT'!$N$2:$N$15000,"<366") -> 0 | P18: =SUMIFS('WH+RT CURRENT'!$M$2:$M$15000,'WH+RT CURRENT'!$B$2:$B$15000,"Imp DAP",'WH+RT CURRENT'!$S$2:$S$15000,"B K ROY AND COMPANY",'WH+RT CURRENT'!$N$2:$N$15000,">179",'WH+RT CURRENT'!$N$2:$N$15000,"<366") -> 0 | Q18: =L18+M18+N18+O18 -> 4.962
E19: 366+ | F19: =SUMIFS('WH+RT PREVIOUS'!$M$2:$M$15000,'WH+RT PREVIOUS'!$B$2:$B$15000,"N.C.Urea(45kg)",'WH+RT PREVIOUS'!$S$2:$S$15000,"B K ROY AND COMPANY",'WH+RT PREVIOUS'!$N$2:$N$15000,">365") -> 0 | G19: =SUMIFS('WH+RT PREVIOUS'!$M$2:$M$15000,'WH+RT PREVIOUS'!$B$2:$B$15000,"15-15-15",'WH+RT PREVIOUS'!$S$2:$S$15000,"B K ROY AND COMPANY",'WH+RT PREVIOUS'!$N$2:$N$15000,">365") -> 0 | H19: =SUMIFS('WH+RT PREVIOUS'!$M$2:$M$15000,'WH+RT PREVIOUS'!$B$2:$B$15000,"Imp 10-26-26",'WH+RT PREVIOUS'!$S$2:$S$15000,"B K ROY AND COMPANY",'WH+RT PREVIOUS'!$N$2:$N$15000,">365") -> 0 | I19: =SUMIFS('WH+RT PREVIOUS'!$M$2:$M$15000,'WH+RT PREVIOUS'!$B$2:$B$15000,"MOP",'WH+RT PREVIOUS'!$S$2:$S$15000,"B K ROY AND COMPANY",'WH+RT PREVIOUS'!$N$2:$N$15000,">365") -> 0 | J19: =SUMIFS('WH+RT PREVIOUS'!$M$2:$M$15000,'WH+RT PREVIOUS'!$B$2:$B$15000,"Imp DAP",'WH+RT PREVIOUS'!$S$2:$S$15000,"B K ROY AND COMPANY",'WH+RT PREVIOUS'!$N$2:$N$15000,">365") -> 0 | K19: =F19+G19+H19+I19 -> 0 | L19: =SUMIFS('WH+RT CURRENT'!$M$2:$M$15000,'WH+RT CURRENT'!$B$2:$B$15000,"N.C.Urea(45kg)",'WH+RT CURRENT'!$S$2:$S$15000,"B K ROY AND COMPANY",'WH+RT CURRENT'!$N$2:$N$15000,">365") -> 0 | M19: =SUMIFS('WH+RT CURRENT'!$M$2:$M$15000,'WH+RT CURRENT'!$B$2:$B$15000,"15-15-15",'WH+RT CURRENT'!$S$2:$S$15000,"B K ROY AND COMPANY",'WH+RT CURRENT'!$N$2:$N$15000,">365") -> 0 | N19: =SUMIFS('WH+RT CURRENT'!$M$2:$M$15000,'WH+RT CURRENT'!$B$2:$B$15000,"Imp 10-26-26",'WH+RT CURRENT'!$S$2:$S$15000,"B K ROY AND COMPANY",'WH+RT CURRENT'!$N$2:$N$15000,">365") -> 0 | O19: =SUMIFS('WH+RT CURRENT'!$M$2:$M$15000,'WH+RT CURRENT'!$B$2:$B$15000,"MOP",'WH+RT CURRENT'!$S$2:$S$15000,"B K ROY AND COMPANY",'WH+RT CURRENT'!$N$2:$N$15000,">365") -> 0 | P19: =SUMIFS('WH+RT CURRENT'!$M$2:$M$15000,'WH+RT CURRENT'!$B$2:$B$15000,"Imp DAP",'WH+RT CURRENT'!$S$2:$S$15000,"B K ROY AND COMPANY",'WH+RT CURRENT'!$N$2:$N$15000,">365") -> 0 | Q19: =L19+M19+N19+O19 -> 0
E20: GRAND TOTAL | F20: =F18+F19 -> 3.062 | G20: =G18+G19 -> 1.9 | H20: =H18+H19 -> 0 | I20: =I18+I19 -> 0 | J20: =J18+J19 -> 0 | K20: =F20+G20+H20+I20 -> 4.962 | L20: =L18+L19 -> 3.062 | M20: =M18+M19 -> 1.9 | N20: =N18+N19 -> 0 | O20: =O18+O19 -> 0 | P20: =P18+P19 -> 0 | Q20: =L20+M20+N20+O20 -> 4.962
E21: TOTAL STOCK | F21: =SUMIFS('WH+RT PREVIOUS'!$M$2:$M$15000,'WH+RT PREVIOUS'!$B$2:$B$15000,"N.C.Urea(45kg)",'WH+RT PREVIOUS'!$S$2:$S$15000,"B K ROY AND COMPANY") -> 61.812 | G21: =SUMIFS('WH+RT PREVIOUS'!$M$2:$M$15000,'WH+RT PREVIOUS'!$B$2:$B$15000,"15-15-15",'WH+RT PREVIOUS'!$S$2:$S$15000,"B K ROY AND COMPANY") -> 43.925 | H21: =SUMIFS('WH+RT PREVIOUS'!$M$2:$M$15000,'WH+RT PREVIOUS'!$B$2:$B$15000,"Imp 10-26-26",'WH+RT PREVIOUS'!$S$2:$S$15000,"B K ROY AND COMPANY") -> 19.65 | I21: =SUMIFS('WH+RT PREVIOUS'!$M$2:$M$15000,'WH+RT PREVIOUS'!$B$2:$B$15000,"MOP",'WH+RT PREVIOUS'!$S$2:$S$15000,"B K ROY AND COMPANY") -> 15.4 | J21: =SUMIFS('WH+RT PREVIOUS'!$M$2:$M$15000,'WH+RT PREVIOUS'!$B$2:$B$15000,"Imp DAP",'WH+RT PREVIOUS'!$S$2:$S$15000,"B K ROY AND COMPANY") -> 0 | K21: =F21+G21+H21+I21 -> 140.787 | L21: =SUMIFS('WH+RT CURRENT'!$M$2:$M$15000,'WH+RT CURRENT'!$B$2:$B$15000,"N.C.Urea(45kg)",'WH+RT CURRENT'!$S$2:$S$15000,"B K ROY AND COMPANY") -> 60.357 | M21: =SUMIFS('WH+RT CURRENT'!$M$2:$M$15000,'WH+RT CURRENT'!$B$2:$B$15000,"15-15-15",'WH+RT CURRENT'!$S$2:$S$15000,"B K ROY AND COMPANY") -> 33.85 | N21: =SUMIFS('WH+RT CURRENT'!$M$2:$M$15000,'WH+RT CURRENT'!$B$2:$B$15000,"Imp 10-26-26",'WH+RT CURRENT'!$S$2:$S$15000,"B K ROY AND COMPANY") -> 18.8 | O21: =SUMIFS('WH+RT CURRENT'!$M$2:$M$15000,'WH+RT CURRENT'!$B$2:$B$15000,"MOP",'WH+RT CURRENT'!$S$2:$S$15000,"B K ROY AND COMPANY") -> 14.95 | P21: =SUMIFS('WH+RT CURRENT'!$M$2:$M$15000,'WH+RT CURRENT'!$B$2:$B$15000,"Imp DAP",'WH+RT CURRENT'!$S$2:$S$15000,"B K ROY AND COMPANY") -> 0 | Q21: =L21+M21+N21+O21 -> 127.957
E24: BARASAT KRISHI BIPANI
F25: Previous | L25: Current
F26: UREA | G26: S-15 | H26: 10-26-26 | I26: MOP | J26: DAP | K26: TOTAL | L26: UREA | M26: S-15 | N26: 10-26-26 | O26: MOP | P26: DAP | Q26: TOTAL
E27: 181-365 | F27: =SUMIFS('WH+RT PREVIOUS'!$M$2:$M$15000,'WH+RT PREVIOUS'!$B$2:$B$15000,"N.C.Urea(45kg)",'WH+RT PREVIOUS'!$S$2:$S$15000,"Barasat Krishi Bipani",'WH+RT PREVIOUS'!$N$2:$N$15000,">179",'WH+RT PREVIOUS'!$N$2:$N$15000,"<366") -> 0 | G27: =SUMIFS('WH+RT PREVIOUS'!$M$2:$M$15000,'WH+RT PREVIOUS'!$B$2:$B$15000,"15-15-15",'WH+RT PREVIOUS'!$S$2:$S$15000,"Barasat Krishi Bipani",'WH+RT PREVIOUS'!$N$2:$N$15000,">179",'WH+RT PREVIOUS'!$N$2:$N$15000,"<366") -> 0.747 | H27: =SUMIFS('WH+RT PREVIOUS'!$M$2:$M$15000,'WH+RT PREVIOUS'!$B$2:$B$15000,"Imp 10-26-26",'WH+RT PREVIOUS'!$S$2:$S$15000,"Barasat Krishi Bipani",'WH+RT PREVIOUS'!$N$2:$N$15000,">179",'WH+RT PREVIOUS'!$N$2:$N$15000,"<366") -> 0 | I27: =SUMIFS('WH+RT PREVIOUS'!$M$2:$M$15000,'WH+RT PREVIOUS'!$B$2:$B$15000,"MOP",'WH+RT PREVIOUS'!$S$2:$S$15000,"Barasat Krishi Bipani",'WH+RT PREVIOUS'!$N$2:$N$15000,">179",'WH+RT PREVIOUS'!$N$2:$N$15000,"<366") -> 0 | J27: =SUMIFS('WH+RT PREVIOUS'!$M$2:$M$15000,'WH+RT PREVIOUS'!$B$2:$B$15000,"Imp DAP",'WH+RT PREVIOUS'!$S$2:$S$15000,"Barasat Krishi Bipani",'WH+RT PREVIOUS'!$N$2:$N$15000,">179",'WH+RT PREVIOUS'!$N$2:$N$15000,"<366") -> 0 | K27: =F27+G27+H27+I27 -> 0.747 | L27: =SUMIFS('WH+RT CURRENT'!$M$2:$M$15000,'WH+RT CURRENT'!$B$2:$B$15000,"N.C.Urea(45kg)",'WH+RT CURRENT'!$S$2:$S$15000,"Barasat Krishi Bipani",'WH+RT CURRENT'!$N$2:$N$15000,">179",'WH+RT CURRENT'!$N$2:$N$15000,"<366") -> 0 | M27: =SUMIFS('WH+RT CURRENT'!$M$2:$M$15000,'WH+RT CURRENT'!$B$2:$B$15000,"15-15-15",'WH+RT CURRENT'!$S$2:$S$15000,"Barasat Krishi Bipani",'WH+RT CURRENT'!$N$2:$N$15000,">179",'WH+RT CURRENT'!$N$2:$N$15000,"<366") -> 0.697 | N27: =SUMIFS('WH+RT CURRENT'!$M$2:$M$15000,'WH+RT CURRENT'!$B$2:$B$15000,"Imp 10-26-26",'WH+RT CURRENT'!$S$2:$S$15000,"Barasat Krishi Bipani",'WH+RT CURRENT'!$N$2:$N$15000,">179",'WH+RT CURRENT'!$N$2:$N$15000,"<366") -> 0 | O27: =SUMIFS('WH+RT CURRENT'!$M$2:$M$15000,'WH+RT CURRENT'!$B$2:$B$15000,"MOP",'WH+RT CURRENT'!$S$2:$S$15000,"Barasat Krishi Bipani",'WH+RT CURRENT'!$N$2:$N$15000,">179",'WH+RT CURRENT'!$N$2:$N$15000,"<366") -> 0 | P27: =SUMIFS('WH+RT CURRENT'!$M$2:$M$15000,'WH+RT CURRENT'!$B$2:$B$15000,"Imp DAP",'WH+RT CURRENT'!$S$2:$S$15000,"Barasat Krishi Bipani",'WH+RT CURRENT'!$N$2:$N$15000,">179",'WH+RT CURRENT'!$N$2:$N$15000,"<366") -> 0 | Q27: =L27+M27+N27+O27 -> 0.697
E28: 366+ | F28: =SUMIFS('WH+RT PREVIOUS'!$M$2:$M$15000,'WH+RT PREVIOUS'!$B$2:$B$15000,"N.C.Urea(45kg)",'WH+RT PREVIOUS'!$S$2:$S$15000,"Barasat Krishi Bipani",'WH+RT PREVIOUS'!$N$2:$N$15000,">365") -> 0.765 | G28: =SUMIFS('WH+RT PREVIOUS'!$M$2:$M$15000,'WH+RT PREVIOUS'!$B$2:$B$15000,"15-15-15",'WH+RT PREVIOUS'!$S$2:$S$15000,"Barasat Krishi Bipani",'WH+RT PREVIOUS'!$N$2:$N$15000,">365") -> 1.423 | H28: =SUMIFS('WH+RT PREVIOUS'!$M$2:$M$15000,'WH+RT PREVIOUS'!$B$2:$B$15000,"Imp 10-26-26",'WH+RT PREVIOUS'!$S$2:$S$15000,"Barasat Krishi Bipani",'WH+RT PREVIOUS'!$N$2:$N$15000,">365") -> 0 | I28: =SUMIFS('WH+RT PREVIOUS'!$M$2:$M$15000,'WH+RT PREVIOUS'!$B$2:$B$15000,"MOP",'WH+RT PREVIOUS'!$S$2:$S$15000,"Barasat Krishi Bipani",'WH+RT PREVIOUS'!$N$2:$N$15000,">365") -> 0 | J28: =SUMIFS('WH+RT PREVIOUS'!$M$2:$M$15000,'WH+RT PREVIOUS'!$B$2:$B$15000,"Imp DAP",'WH+RT PREVIOUS'!$S$2:$S$15000,"Barasat Krishi Bipani",'WH+RT PREVIOUS'!$N$2:$N$15000,">365") -> 0 | K28: =F28+G28+H28+I28 -> 2.188 | L28: =SUMIFS('WH+RT CURRENT'!$M$2:$M$15000,'WH+RT CURRENT'!$B$2:$B$15000,"N.C.Urea(45kg)",'WH+RT CURRENT'!$S$2:$S$15000,"Barasat Krishi Bipani",'WH+RT CURRENT'!$N$2:$N$15000,">365") -> 0.765 | M28: =SUMIFS('WH+RT CURRENT'!$M$2:$M$15000,'WH+RT CURRENT'!$B$2:$B$15000,"15-15-15",'WH+RT CURRENT'!$S$2:$S$15000,"Barasat Krishi Bipani",'WH+RT CURRENT'!$N$2:$N$15000,">365") -> 1.423 | N28: =SUMIFS('WH+RT CURRENT'!$M$2:$M$15000,'WH+RT CURRENT'!$B$2:$B$15000,"Imp 10-26-26",'WH+RT CURRENT'!$S$2:$S$15000,"Barasat Krishi Bipani",'WH+RT CURRENT'!$N$2:$N$15000,">365") -> 0 | O28: =SUMIFS('WH+RT CURRENT'!$M$2:$M$15000,'WH+RT CURRENT'!$B$2:$B$15000,"MOP",'WH+RT CURRENT'!$S$2:$S$15000,"Barasat Krishi Bipani",'WH+RT CURRENT'!$N$2:$N$15000,">365") -> 0 | P28: =SUMIFS('WH+RT CURRENT'!$M$2:$M$15000,'WH+RT CURRENT'!$B$2:$B$15000,"Imp DAP",'WH+RT CURRENT'!$S$2:$S$15000,"Barasat Krishi Bipani",'WH+RT CURRENT'!$N$2:$N$15000,">365") -> 0 | Q28: =L28+M28+N28+O28 -> 2.188
E29: GRAND TOTAL | F29: =F27+F28 -> 0.765 | G29: =G27+G28 -> 2.17 | H29: =H27+H28 -> 0 | I29: =I27+I28 -> 0 | J29: =J27+J28 -> 0 | K29: =F29+G29+H29+I29 -> 2.935 | L29: =L27+L28 -> 0.765 | M29: =M27+M28 -> 2.12 | N29: =N27+N28 -> 0 | O29: =O27+O28 -> 0 | P29: =P27+P28 -> 0 | Q29: =L29+M29+N29+O29 -> 2.885
E30: TOTAL STOCK | F30: =SUMIFS('WH+RT PREVIOUS'!$M$2:$M$15000,'WH+RT PREVIOUS'!$B$2:$B$15000,"N.C.Urea(45kg)",'WH+RT PREVIOUS'!$S$2:$S$15000,"Barasat Krishi Bipani") -> 28.175 | G30: =SUMIFS('WH+RT PREVIOUS'!$M$2:$M$15000,'WH+RT PREVIOUS'!$B$2:$B$15000,"15-15-15",'WH+RT PREVIOUS'!$S$2:$S$15000,"Barasat Krishi Bipani") -> 9.204 | H30: =SUMIFS('WH+RT PREVIOUS'!$M$2:$M$15000,'WH+RT PREVIOUS'!$B$2:$B$15000,"Imp 10-26-26",'WH+RT PREVIOUS'!$S$2:$S$15000,"Barasat Krishi Bipani") -> 6.237 | I30: =SUMIFS('WH+RT PREVIOUS'!$M$2:$M$15000,'WH+RT PREVIOUS'!$B$2:$B$15000,"MOP",'WH+RT PREVIOUS'!$S$2:$S$15000,"Barasat Krishi Bipani") -> 0.05 | J30: =SUMIFS('WH+RT PREVIOUS'!$M$2:$M$15000,'WH+RT PREVIOUS'!$B$2:$B$15000,"Imp DAP",'WH+RT PREVIOUS'!$S$2:$S$15000,"Barasat Krishi Bipani") -> 0 | K30: =F30+G30+H30+I30 -> 43.666 | L30: =SUMIFS('WH+RT CURRENT'!$M$2:$M$15000,'WH+RT CURRENT'!$B$2:$B$15000,"N.C.Urea(45kg)",'WH+RT CURRENT'!$S$2:$S$15000,"Barasat Krishi Bipani") -> 23.76 | M30: =SUMIFS('WH+RT CURRENT'!$M$2:$M$15000,'WH+RT CURRENT'!$B$2:$B$15000,"15-15-15",'WH+RT CURRENT'!$S$2:$S$15000,"Barasat Krishi Bipani") -> 8.854 | N30: =SUMIFS('WH+RT CURRENT'!$M$2:$M$15000,'WH+RT CURRENT'!$B$2:$B$15000,"Imp 10-26-26",'WH+RT CURRENT'!$S$2:$S$15000,"Barasat Krishi Bipani") -> 6.037 | O30: =SUMIFS('WH+RT CURRENT'!$M$2:$M$15000,'WH+RT CURRENT'!$B$2:$B$15000,"MOP",'WH+RT CURRENT'!$S$2:$S$15000,"Barasat Krishi Bipani") -> 0 | P30: =SUMIFS('WH+RT CURRENT'!$M$2:$M$15000,'WH+RT CURRENT'!$B$2:$B$15000,"Imp DAP",'WH+RT CURRENT'!$S$2:$S$15000,"Barasat Krishi Bipani") -> 0 | Q30: =L30+M30+N30+O30 -> 38.651
E33: C R DEY
F34: Previous | L34: Current
F35: UREA | G35: S-15 | H35: 10-26-26 | I35: MOP | J35: DAP | K35: TOTAL | L35: UREA | M35: S-15 | N35: 10-26-26 | O35: MOP | P35: DAP | Q35: TOTAL
E36: 181-365 | F36: =SUMIFS('WH+RT PREVIOUS'!$M$2:$M$15000,'WH+RT PREVIOUS'!$B$2:$B$15000,"N.C.Urea(45kg)",'WH+RT PREVIOUS'!$S$2:$S$15000,"Chitta Ranjan Dey",'WH+RT PREVIOUS'!$N$2:$N$15000,">179",'WH+RT PREVIOUS'!$N$2:$N$15000,"<366") -> 9.675 | G36: =SUMIFS('WH+RT PREVIOUS'!$M$2:$M$15000,'WH+RT PREVIOUS'!$B$2:$B$15000,"15-15-15",'WH+RT PREVIOUS'!$S$2:$S$15000,"Chitta Ranjan Dey",'WH+RT PREVIOUS'!$N$2:$N$15000,">179",'WH+RT PREVIOUS'!$N$2:$N$15000,"<366") -> 5.139 | H36: =SUMIFS('WH+RT PREVIOUS'!$M$2:$M$15000,'WH+RT PREVIOUS'!$B$2:$B$15000,"Imp 10-26-26",'WH+RT PREVIOUS'!$S$2:$S$15000,"Chitta Ranjan Dey",'WH+RT PREVIOUS'!$N$2:$N$15000,">179",'WH+RT PREVIOUS'!$N$2:$N$15000,"<366") -> 2.1 | I36: =SUMIFS('WH+RT PREVIOUS'!$M$2:$M$15000,'WH+RT PREVIOUS'!$B$2:$B$15000,"MOP",'WH+RT PREVIOUS'!$S$2:$S$15000,"Chitta Ranjan Dey",'WH+RT PREVIOUS'!$N$2:$N$15000,">179",'WH+RT PREVIOUS'!$N$2:$N$15000,"<366") -> 0 | J36: =SUMIFS('WH+RT PREVIOUS'!$M$2:$M$15000,'WH+RT PREVIOUS'!$B$2:$B$15000,"Imp DAP",'WH+RT PREVIOUS'!$S$2:$S$15000,"Chitta Ranjan Dey",'WH+RT PREVIOUS'!$N$2:$N$15000,">179",'WH+RT PREVIOUS'!$N$2:$N$15000,"<366") -> 0 | K36: =F36+G36+H36+I36 -> 16.914 | L36: =SUMIFS('WH+RT CURRENT'!$M$2:$M$15000,'WH+RT CURRENT'!$B$2:$B$15000,"N.C.Urea(45kg)",'WH+RT CURRENT'!$S$2:$S$15000,"Chitta Ranjan Dey",'WH+RT CURRENT'!$N$2:$N$15000,">179",'WH+RT CURRENT'!$N$2:$N$15000,"<366") -> 12.33 | M36: =SUMIFS('WH+RT CURRENT'!$M$2:$M$15000,'WH+RT CURRENT'!$B$2:$B$15000,"15-15-15",'WH+RT CURRENT'!$S$2:$S$15000,"Chitta Ranjan Dey",'WH+RT CURRENT'!$N$2:$N$15000,">179",'WH+RT CURRENT'!$N$2:$N$15000,"<366") -> 11.44 | N36: =SUMIFS('WH+RT CURRENT'!$M$2:$M$15000,'WH+RT CURRENT'!$B$2:$B$15000,"Imp 10-26-26",'WH+RT CURRENT'!$S$2:$S$15000,"Chitta Ranjan Dey",'WH+RT CURRENT'!$N$2:$N$15000,">179",'WH+RT CURRENT'!$N$2:$N$15000,"<366") -> 0.2 | O36: =SUMIFS('WH+RT CURRENT'!$M$2:$M$15000,'WH+RT CURRENT'!$B$2:$B$15000,"MOP",'WH+RT CURRENT'!$S$2:$S$15000,"Chitta Ranjan Dey",'WH+RT CURRENT'!$N$2:$N$15000,">179",'WH+RT CURRENT'!$N$2:$N$15000,"<366") -> 0 | P36: =SUMIFS('WH+RT CURRENT'!$M$2:$M$15000,'WH+RT CURRENT'!$B$2:$B$15000,"Imp DAP",'WH+RT CURRENT'!$S$2:$S$15000,"Chitta Ranjan Dey",'WH+RT CURRENT'!$N$2:$N$15000,">179",'WH+RT CURRENT'!$N$2:$N$15000,"<366") -> 0 | Q36: =L36+M36+N36+O36 -> 23.97
E37: 366+ | F37: =SUMIFS('WH+RT PREVIOUS'!$M$2:$M$15000,'WH+RT PREVIOUS'!$B$2:$B$15000,"N.C.Urea(45kg)",'WH+RT PREVIOUS'!$S$2:$S$15000,"Chitta Ranjan Dey",'WH+RT PREVIOUS'!$N$2:$N$15000,">365") -> 21.579 | G37: =SUMIFS('WH+RT PREVIOUS'!$M$2:$M$15000,'WH+RT PREVIOUS'!$B$2:$B$15000,"15-15-15",'WH+RT PREVIOUS'!$S$2:$S$15000,"Chitta Ranjan Dey",'WH+RT PREVIOUS'!$N$2:$N$15000,">365") -> 7.035 | H37: =SUMIFS('WH+RT PREVIOUS'!$M$2:$M$15000,'WH+RT PREVIOUS'!$B$2:$B$15000,"Imp 10-26-26",'WH+RT PREVIOUS'!$S$2:$S$15000,"Chitta Ranjan Dey",'WH+RT PREVIOUS'!$N$2:$N$15000,">365") -> 0 | I37: =SUMIFS('WH+RT PREVIOUS'!$M$2:$M$15000,'WH+RT PREVIOUS'!$B$2:$B$15000,"MOP",'WH+RT PREVIOUS'!$S$2:$S$15000,"Chitta Ranjan Dey",'WH+RT PREVIOUS'!$N$2:$N$15000,">365") -> 0 | J37: =SUMIFS('WH+RT PREVIOUS'!$M$2:$M$15000,'WH+RT PREVIOUS'!$B$2:$B$15000,"Imp DAP",'WH+RT PREVIOUS'!$S$2:$S$15000,"Chitta Ranjan Dey",'WH+RT PREVIOUS'!$N$2:$N$15000,">365") -> 0 | K37: =F37+G37+H37+I37 -> 28.614 | L37: =SUMIFS('WH+RT CURRENT'!$M$2:$M$15000,'WH+RT CURRENT'!$B$2:$B$15000,"N.C.Urea(45kg)",'WH+RT CURRENT'!$S$2:$S$15000,"Chitta Ranjan Dey",'WH+RT CURRENT'!$N$2:$N$15000,">365") -> 21.579 | M37: =SUMIFS('WH+RT CURRENT'!$M$2:$M$15000,'WH+RT CURRENT'!$B$2:$B$15000,"15-15-15",'WH+RT CURRENT'!$S$2:$S$15000,"Chitta Ranjan Dey",'WH+RT CURRENT'!$N$2:$N$15000,">365") -> 7.035 | N37: =SUMIFS('WH+RT CURRENT'!$M$2:$M$15000,'WH+RT CURRENT'!$B$2:$B$15000,"Imp 10-26-26",'WH+RT CURRENT'!$S$2:$S$15000,"Chitta Ranjan Dey",'WH+RT CURRENT'!$N$2:$N$15000,">365") -> 0 | O37: =SUMIFS('WH+RT CURRENT'!$M$2:$M$15000,'WH+RT CURRENT'!$B$2:$B$15000,"MOP",'WH+RT CURRENT'!$S$2:$S$15000,"Chitta Ranjan Dey",'WH+RT CURRENT'!$N$2:$N$15000,">365") -> 0 | P37: =SUMIFS('WH+RT CURRENT'!$M$2:$M$15000,'WH+RT CURRENT'!$B$2:$B$15000,"Imp DAP",'WH+RT CURRENT'!$S$2:$S$15000,"Chitta Ranjan Dey",'WH+RT CURRENT'!$N$2:$N$15000,">365") -> 0 | Q37: =L37+M37+N37+O37 -> 28.614
E38: GRAND TOTAL | F38: =F36+F37 -> 31.254 | G38: =G36+G37 -> 12.174 | H38: =H36+H37 -> 2.1 | I38: =I36+I37 -> 0 | J38: =J36+J37 -> 0 | K38: =F38+G38+H38+I38 -> 45.528 | L38: =L36+L37 -> 33.909 | M38: =M36+M37 -> 18.475 | N38: =N36+N37 -> 0.2 | O38: =O36+O37 -> 0 | P38: =P36+P37 -> 0 | Q38: =L38+M38+N38+O38 -> 52.584
E39: TOTAL STOCK | F39: =SUMIFS('WH+RT PREVIOUS'!$M$2:$M$15000,'WH+RT PREVIOUS'!$B$2:$B$15000,"N.C.Urea(45kg)",'WH+RT PREVIOUS'!$S$2:$S$15000,"Chitta Ranjan Dey") -> 706.064 | G39: =SUMIFS('WH+RT PREVIOUS'!$M$2:$M$15000,'WH+RT PREVIOUS'!$B$2:$B$15000,"15-15-15",'WH+RT PREVIOUS'!$S$2:$S$15000,"Chitta Ranjan Dey") -> 244.612 | H39: =SUMIFS('WH+RT PREVIOUS'!$M$2:$M$15000,'WH+RT PREVIOUS'!$B$2:$B$15000,"Imp 10-26-26",'WH+RT PREVIOUS'!$S$2:$S$15000,"Chitta Ranjan Dey") -> 215.45 | I39: =SUMIFS('WH+RT PREVIOUS'!$M$2:$M$15000,'WH+RT PREVIOUS'!$B$2:$B$15000,"MOP",'WH+RT PREVIOUS'!$S$2:$S$15000,"Chitta Ranjan Dey") -> 235.66 | J39: =SUMIFS('WH+RT PREVIOUS'!$M$2:$M$15000,'WH+RT PREVIOUS'!$B$2:$B$15000,"Imp DAP",'WH+RT PREVIOUS'!$S$2:$S$15000,"Chitta Ranjan Dey") -> 0 | K39: =F39+G39+H39+I39 -> 1401.786 | L39: =SUMIFS('WH+RT CURRENT'!$M$2:$M$15000,'WH+RT CURRENT'!$B$2:$B$15000,"N.C.Urea(45kg)",'WH+RT CURRENT'!$S$2:$S$15000,"Chitta Ranjan Dey") -> 726.214 | M39: =SUMIFS('WH+RT CURRENT'!$M$2:$M$15000,'WH+RT CURRENT'!$B$2:$B$15000,"15-15-15",'WH+RT CURRENT'!$S$2:$S$15000,"Chitta Ranjan Dey") -> 208.113 | N39: =SUMIFS('WH+RT CURRENT'!$M$2:$M$15000,'WH+RT CURRENT'!$B$2:$B$15000,"Imp 10-26-26",'WH+RT CURRENT'!$S$2:$S$15000,"Chitta Ranjan Dey") -> 189.9 | O39: =SUMIFS('WH+RT CURRENT'!$M$2:$M$15000,'WH+RT CURRENT'!$B$2:$B$15000,"MOP",'WH+RT CURRENT'!$S$2:$S$15000,"Chitta Ranjan Dey") -> 217.31 | P39: =SUMIFS('WH+RT CURRENT'!$M$2:$M$15000,'WH+RT CURRENT'!$B$2:$B$15000,"Imp DAP",'WH+RT CURRENT'!$S$2:$S$15000,"Chitta Ranjan Dey") -> 0 | Q39: =L39+M39+N39+O39 -> 1341.537
E42: M.K. Chemical and Fertilizers
F43: Previous | L43: Current
F44: UREA | G44: S-15 | H44: 10-26-26 | I44: MOP | J44: DAP | K44: TOTAL | L44: UREA | M44: S-15 | N44: 10-26-26 | O44: MOP | P44: DAP | Q44: TOTAL
E45: 181-365 | F45: =SUMIFS('WH+RT PREVIOUS'!$M$2:$M$15000,'WH+RT PREVIOUS'!$B$2:$B$15000,"N.C.Urea(45kg)",'WH+RT PREVIOUS'!$S$2:$S$15000,"M.K. Chemical and Fertilizers",'WH+RT PREVIOUS'!$N$2:$N$15000,">179",'WH+RT PREVIOUS'!$N$2:$N$15000,"<366") -> 3.96 | G45: =SUMIFS('WH+RT PREVIOUS'!$M$2:$M$15000,'WH+RT PREVIOUS'!$B$2:$B$15000,"15-15-15",'WH+RT PREVIOUS'!$S$2:$S$15000,"M.K. Chemical and Fertilizers",'WH+RT PREVIOUS'!$N$2:$N$15000,">179",'WH+RT PREVIOUS'!$N$2:$N$15000,"<366") -> 4 | H45: =SUMIFS('WH+RT PREVIOUS'!$M$2:$M$15000,'WH+RT PREVIOUS'!$B$2:$B$15000,"Imp 10-26-26",'WH+RT PREVIOUS'!$S$2:$S$15000,"M.K. Chemical and Fertilizers",'WH+RT PREVIOUS'!$N$2:$N$15000,">179",'WH+RT PREVIOUS'!$N$2:$N$15000,"<366") -> 0 | I45: =SUMIFS('WH+RT PREVIOUS'!$M$2:$M$15000,'WH+RT PREVIOUS'!$B$2:$B$15000,"MOP",'WH+RT PREVIOUS'!$S$2:$S$15000,"M.K. Chemical and Fertilizers",'WH+RT PREVIOUS'!$N$2:$N$15000,">179",'WH+RT PREVIOUS'!$N$2:$N$15000,"<366") -> 0 | J45: =SUMIFS('WH+RT PREVIOUS'!$M$2:$M$15000,'WH+RT PREVIOUS'!$B$2:$B$15000,"Imp DAP",'WH+RT PREVIOUS'!$S$2:$S$15000,"M.K. Chemical and Fertilizers",'WH+RT PREVIOUS'!$N$2:$N$15000,">179",'WH+RT PREVIOUS'!$N$2:$N$15000,"<366") -> 0 | K45: =F45+G45+H45+I45 -> 7.96 | L45: =SUMIFS('WH+RT CURRENT'!$M$2:$M$15000,'WH+RT CURRENT'!$B$2:$B$15000,"N.C.Urea(45kg)",'WH+RT CURRENT'!$S$2:$S$15000,"M.K. Chemical and Fertilizers",'WH+RT CURRENT'!$N$2:$N$15000,">179",'WH+RT CURRENT'!$N$2:$N$15000,"<366") -> 3.46 | M45: =SUMIFS('WH+RT CURRENT'!$M$2:$M$15000,'WH+RT CURRENT'!$B$2:$B$15000,"15-15-15",'WH+RT CURRENT'!$S$2:$S$15000,"M.K. Chemical and Fertilizers",'WH+RT CURRENT'!$N$2:$N$15000,">179",'WH+RT CURRENT'!$N$2:$N$15000,"<366") -> 7.45 | N45: =SUMIFS('WH+RT CURRENT'!$M$2:$M$15000,'WH+RT CURRENT'!$B$2:$B$15000,"Imp 10-26-26",'WH+RT CURRENT'!$S$2:$S$15000,"M.K. Chemical and Fertilizers",'WH+RT CURRENT'!$N$2:$N$15000,">179",'WH+RT CURRENT'!$N$2:$N$15000,"<366") -> 0 | O45: =SUMIFS('WH+RT CURRENT'!$M$2:$M$15000,'WH+RT CURRENT'!$B$2:$B$15000,"MOP",'WH+RT CURRENT'!$S$2:$S$15000,"M.K. Chemical and Fertilizers",'WH+RT CURRENT'!$N$2:$N$15000,">179",'WH+RT CURRENT'!$N$2:$N$15000,"<366") -> 0 | P45: =SUMIFS('WH+RT CURRENT'!$M$2:$M$15000,'WH+RT CURRENT'!$B$2:$B$15000,"Imp DAP",'WH+RT CURRENT'!$S$2:$S$15000,"M.K. Chemical and Fertilizers",'WH+RT CURRENT'!$N$2:$N$15000,">179",'WH+RT CURRENT'!$N$2:$N$15000,"<366") -> 0 | Q45: =L45+M45+N45+O45 -> 10.91
E46: 366+ | F46: =SUMIFS('WH+RT PREVIOUS'!$M$2:$M$15000,'WH+RT PREVIOUS'!$B$2:$B$15000,"N.C.Urea(45kg)",'WH+RT PREVIOUS'!$S$2:$S$15000,"M.K. Chemical and Fertilizers",'WH+RT PREVIOUS'!$N$2:$N$15000,">365") -> 16.326 | G46: =SUMIFS('WH+RT PREVIOUS'!$M$2:$M$15000,'WH+RT PREVIOUS'!$B$2:$B$15000,"15-15-15",'WH+RT PREVIOUS'!$S$2:$S$15000,"M.K. Chemical and Fertilizers",'WH+RT PREVIOUS'!$N$2:$N$15000,">365") -> 13.475 | H46: =SUMIFS('WH+RT PREVIOUS'!$M$2:$M$15000,'WH+RT PREVIOUS'!$B$2:$B$15000,"Imp 10-26-26",'WH+RT PREVIOUS'!$S$2:$S$15000,"M.K. Chemical and Fertilizers",'WH+RT PREVIOUS'!$N$2:$N$15000,">365") -> 0 | I46: =SUMIFS('WH+RT PREVIOUS'!$M$2:$M$15000,'WH+RT PREVIOUS'!$B$2:$B$15000,"MOP",'WH+RT PREVIOUS'!$S$2:$S$15000,"M.K. Chemical and Fertilizers",'WH+RT PREVIOUS'!$N$2:$N$15000,">365") -> 0.034 | J46: =SUMIFS('WH+RT PREVIOUS'!$M$2:$M$15000,'WH+RT PREVIOUS'!$B$2:$B$15000,"Imp DAP",'WH+RT PREVIOUS'!$S$2:$S$15000,"M.K. Chemical and Fertilizers",'WH+RT PREVIOUS'!$N$2:$N$15000,">365") -> 0 | K46: =F46+G46+H46+I46 -> 29.835 | L46: =SUMIFS('WH+RT CURRENT'!$M$2:$M$15000,'WH+RT CURRENT'!$B$2:$B$15000,"N.C.Urea(45kg)",'WH+RT CURRENT'!$S$2:$S$15000,"M.K. Chemical and Fertilizers",'WH+RT CURRENT'!$N$2:$N$15000,">365") -> 16.326 | M46: =SUMIFS('WH+RT CURRENT'!$M$2:$M$15000,'WH+RT CURRENT'!$B$2:$B$15000,"15-15-15",'WH+RT CURRENT'!$S$2:$S$15000,"M.K. Chemical and Fertilizers",'WH+RT CURRENT'!$N$2:$N$15000,">365") -> 13.475 | N46: =SUMIFS('WH+RT CURRENT'!$M$2:$M$15000,'WH+RT CURRENT'!$B$2:$B$15000,"Imp 10-26-26",'WH+RT CURRENT'!$S$2:$S$15000,"M.K. Chemical and Fertilizers",'WH+RT CURRENT'!$N$2:$N$15000,">365") -> 0 | O46: =SUMIFS('WH+RT CURRENT'!$M$2:$M$15000,'WH+RT CURRENT'!$B$2:$B$15000,"MOP",'WH+RT CURRENT'!$S$2:$S$15000,"M.K. Chemical and Fertilizers",'WH+RT CURRENT'!$N$2:$N$15000,">365") -> 0.034 | P46: =SUMIFS('WH+RT CURRENT'!$M$2:$M$15000,'WH+RT CURRENT'!$B$2:$B$15000,"Imp DAP",'WH+RT CURRENT'!$S$2:$S$15000,"M.K. Chemical and Fertilizers",'WH+RT CURRENT'!$N$2:$N$15000,">365") -> 0 | Q46: =L46+M46+N46+O46 -> 29.835
E47: GRAND TOTAL | F47: =F45+F46 -> 20.286 | G47: =G45+G46 -> 17.475 | H47: =H45+H46 -> 0 | I47: =I45+I46 -> 0.034 | J47: =J45+J46 -> 0 | K47: =F47+G47+H47+I47 -> 37.795 | L47: =L45+L46 -> 19.786 | M47: =M45+M46 -> 20.925 | N47: =N45+N46 -> 0 | O47: =O45+O46 -> 0.034 | P47: =P45+P46 -> 0 | Q47: =L47+M47+N47+O47 -> 40.745
E48: TOTAL STOCK | F48: =SUMIFS('WH+RT PREVIOUS'!$M$2:$M$15000,'WH+RT PREVIOUS'!$B$2:$B$15000,"N.C.Urea(45kg)",'WH+RT PREVIOUS'!$S$2:$S$15000,"M.K. Chemical and Fertilizers") -> 224.537 | G48: =SUMIFS('WH+RT PREVIOUS'!$M$2:$M$15000,'WH+RT PREVIOUS'!$B$2:$B$15000,"15-15-15",'WH+RT PREVIOUS'!$S$2:$S$15000,"M.K. Chemical and Fertilizers") -> 196.912 | H48: =SUMIFS('WH+RT PREVIOUS'!$M$2:$M$15000,'WH+RT PREVIOUS'!$B$2:$B$15000,"Imp 10-26-26",'WH+RT PREVIOUS'!$S$2:$S$15000,"M.K. Chemical and Fertilizers") -> 25.4 | I48: =SUMIFS('WH+RT PREVIOUS'!$M$2:$M$15000,'WH+RT PREVIOUS'!$B$2:$B$15000,"MOP",'WH+RT PREVIOUS'!$S$2:$S$15000,"M.K. Chemical and Fertilizers") -> 48.434 | J48: =SUMIFS('WH+RT PREVIOUS'!$M$2:$M$15000,'WH+RT PREVIOUS'!$B$2:$B$15000,"Imp DAP",'WH+RT PREVIOUS'!$S$2:$S$15000,"M.K. Chemical and Fertilizers") -> 0 | K48: =F48+G48+H48+I48 -> 495.283 | L48: =SUMIFS('WH+RT CURRENT'!$M$2:$M$15000,'WH+RT CURRENT'!$B$2:$B$15000,"N.C.Urea(45kg)",'WH+RT CURRENT'!$S$2:$S$15000,"M.K. Chemical and Fertilizers") -> 210.807 | M48: =SUMIFS('WH+RT CURRENT'!$M$2:$M$15000,'WH+RT CURRENT'!$B$2:$B$15000,"15-15-15",'WH+RT CURRENT'!$S$2:$S$15000,"M.K. Chemical and Fertilizers") -> 167.312 | N48: =SUMIFS('WH+RT CURRENT'!$M$2:$M$15000,'WH+RT CURRENT'!$B$2:$B$15000,"Imp 10-26-26",'WH+RT CURRENT'!$S$2:$S$15000,"M.K. Chemical and Fertilizers") -> 23.45 | O48: =SUMIFS('WH+RT CURRENT'!$M$2:$M$15000,'WH+RT CURRENT'!$B$2:$B$15000,"MOP",'WH+RT CURRENT'!$S$2:$S$15000,"M.K. Chemical and Fertilizers") -> 44.634 | P48: =SUMIFS('WH+RT CURRENT'!$M$2:$M$15000,'WH+RT CURRENT'!$B$2:$B$15000,"Imp DAP",'WH+RT CURRENT'!$S$2:$S$15000,"M.K. Chemical and Fertilizers") -> 0 | Q48: =L48+M48+N48+O48 -> 446.203
E51: M/S. Shyma Krishi B
F52: Previous | L52: Current
F53: UREA | G53: S-15 | H53: 10-26-26 | I53: MOP | J53: DAP | K53: TOTAL | L53: UREA | M53: S-15 | N53: 10-26-26 | O53: MOP | P53: DAP | Q53: TOTAL
E54: 181-365 | F54: =SUMIFS('WH+RT PREVIOUS'!$M$2:$M$15000,'WH+RT PREVIOUS'!$B$2:$B$15000,"N.C.Urea(45kg)",'WH+RT PREVIOUS'!$S$2:$S$15000,"M/S. Shyma Krishi B",'WH+RT PREVIOUS'!$N$2:$N$15000,">179",'WH+RT PREVIOUS'!$N$2:$N$15000,"<366") -> 19.115 | G54: =SUMIFS('WH+RT PREVIOUS'!$M$2:$M$15000,'WH+RT PREVIOUS'!$B$2:$B$15000,"15-15-15",'WH+RT PREVIOUS'!$S$2:$S$15000,"M/S. Shyma Krishi B",'WH+RT PREVIOUS'!$N$2:$N$15000,">179",'WH+RT PREVIOUS'!$N$2:$N$15000,"<366") -> 8.467 | H54: =SUMIFS('WH+RT PREVIOUS'!$M$2:$M$15000,'WH+RT PREVIOUS'!$B$2:$B$15000,"Imp 10-26-26",'WH+RT PREVIOUS'!$S$2:$S$15000,"M/S. Shyma Krishi B",'WH+RT PREVIOUS'!$N$2:$N$15000,">179",'WH+RT PREVIOUS'!$N$2:$N$15000,"<366") -> 7.8 | I54: =SUMIFS('WH+RT PREVIOUS'!$M$2:$M$15000,'WH+RT PREVIOUS'!$B$2:$B$15000,"MOP",'WH+RT PREVIOUS'!$S$2:$S$15000,"M/S. Shyma Krishi B",'WH+RT PREVIOUS'!$N$2:$N$15000,">179",'WH+RT PREVIOUS'!$N$2:$N$15000,"<366") -> 0 | J54: =SUMIFS('WH+RT PREVIOUS'!$M$2:$M$15000,'WH+RT PREVIOUS'!$B$2:$B$15000,"Imp DAP",'WH+RT PREVIOUS'!$S$2:$S$15000,"M/S. Shyma Krishi B",'WH+RT PREVIOUS'!$N$2:$N$15000,">179",'WH+RT PREVIOUS'!$N$2:$N$15000,"<366") -> 0 | K54: =F54+G54+H54+I54 -> 35.382 | L54: =SUMIFS('WH+RT CURRENT'!$M$2:$M$15000,'WH+RT CURRENT'!$B$2:$B$15000,"N.C.Urea(45kg)",'WH+RT CURRENT'!$S$2:$S$15000,"M/S. Shyma Krishi B",'WH+RT CURRENT'!$N$2:$N$15000,">179",'WH+RT CURRENT'!$N$2:$N$15000,"<366") -> 22.39 | M54: =SUMIFS('WH+RT CURRENT'!$M$2:$M$15000,'WH+RT CURRENT'!$B$2:$B$15000,"15-15-15",'WH+RT CURRENT'!$S$2:$S$15000,"M/S. Shyma Krishi B",'WH+RT CURRENT'!$N$2:$N$15000,">179",'WH+RT CURRENT'!$N$2:$N$15000,"<366") -> 7.817 | N54: =SUMIFS('WH+RT CURRENT'!$M$2:$M$15000,'WH+RT CURRENT'!$B$2:$B$15000,"Imp 10-26-26",'WH+RT CURRENT'!$S$2:$S$15000,"M/S. Shyma Krishi B",'WH+RT CURRENT'!$N$2:$N$15000,">179",'WH+RT CURRENT'!$N$2:$N$15000,"<366") -> 7.8 | O54: =SUMIFS('WH+RT CURRENT'!$M$2:$M$15000,'WH+RT CURRENT'!$B$2:$B$15000,"MOP",'WH+RT CURRENT'!$S$2:$S$15000,"M/S. Shyma Krishi B",'WH+RT CURRENT'!$N$2:$N$15000,">179",'WH+RT CURRENT'!$N$2:$N$15000,"<366") -> 0 | P54: =SUMIFS('WH+RT CURRENT'!$M$2:$M$15000,'WH+RT CURRENT'!$B$2:$B$15000,"Imp DAP",'WH+RT CURRENT'!$S$2:$S$15000,"M/S. Shyma Krishi B",'WH+RT CURRENT'!$N$2:$N$15000,">179",'WH+RT CURRENT'!$N$2:$N$15000,"<366") -> 0 | Q54: =L54+M54+N54+O54 -> 38.007
E55: 366+ | F55: =SUMIFS('WH+RT PREVIOUS'!$M$2:$M$15000,'WH+RT PREVIOUS'!$B$2:$B$15000,"N.C.Urea(45kg)",'WH+RT PREVIOUS'!$S$2:$S$15000,"M/S. Shyma Krishi B",'WH+RT PREVIOUS'!$N$2:$N$15000,">365") -> 4.797 | G55: =SUMIFS('WH+RT PREVIOUS'!$M$2:$M$15000,'WH+RT PREVIOUS'!$B$2:$B$15000,"15-15-15",'WH+RT PREVIOUS'!$S$2:$S$15000,"M/S. Shyma Krishi B",'WH+RT PREVIOUS'!$N$2:$N$15000,">365") -> 0.9 | H55: =SUMIFS('WH+RT PREVIOUS'!$M$2:$M$15000,'WH+RT PREVIOUS'!$B$2:$B$15000,"Imp 10-26-26",'WH+RT PREVIOUS'!$S$2:$S$15000,"M/S. Shyma Krishi B",'WH+RT PREVIOUS'!$N$2:$N$15000,">365") -> 0 | I55: =SUMIFS('WH+RT PREVIOUS'!$M$2:$M$15000,'WH+RT PREVIOUS'!$B$2:$B$15000,"MOP",'WH+RT PREVIOUS'!$S$2:$S$15000,"M/S. Shyma Krishi B",'WH+RT PREVIOUS'!$N$2:$N$15000,">365") -> 1.8 | J55: =SUMIFS('WH+RT PREVIOUS'!$M$2:$M$15000,'WH+RT PREVIOUS'!$B$2:$B$15000,"Imp DAP",'WH+RT PREVIOUS'!$S$2:$S$15000,"M/S. Shyma Krishi B",'WH+RT PREVIOUS'!$N$2:$N$15000,">365") -> 0 | K55: =F55+G55+H55+I55 -> 7.497 | L55: =SUMIFS('WH+RT CURRENT'!$M$2:$M$15000,'WH+RT CURRENT'!$B$2:$B$15000,"N.C.Urea(45kg)",'WH+RT CURRENT'!$S$2:$S$15000,"M/S. Shyma Krishi B",'WH+RT CURRENT'!$N$2:$N$15000,">365") -> 4.797 | M55: =SUMIFS('WH+RT CURRENT'!$M$2:$M$15000,'WH+RT CURRENT'!$B$2:$B$15000,"15-15-15",'WH+RT CURRENT'!$S$2:$S$15000,"M/S. Shyma Krishi B",'WH+RT CURRENT'!$N$2:$N$15000,">365") -> 0.9 | N55: =SUMIFS('WH+RT CURRENT'!$M$2:$M$15000,'WH+RT CURRENT'!$B$2:$B$15000,"Imp 10-26-26",'WH+RT CURRENT'!$S$2:$S$15000,"M/S. Shyma Krishi B",'WH+RT CURRENT'!$N$2:$N$15000,">365") -> 0 | O55: =SUMIFS('WH+RT CURRENT'!$M$2:$M$15000,'WH+RT CURRENT'!$B$2:$B$15000,"MOP",'WH+RT CURRENT'!$S$2:$S$15000,"M/S. Shyma Krishi B",'WH+RT CURRENT'!$N$2:$N$15000,">365") -> 1.45 | P55: =SUMIFS('WH+RT CURRENT'!$M$2:$M$15000,'WH+RT CURRENT'!$B$2:$B$15000,"Imp DAP",'WH+RT CURRENT'!$S$2:$S$15000,"M/S. Shyma Krishi B",'WH+RT CURRENT'!$N$2:$N$15000,">365") -> 0 | Q55: =L55+M55+N55+O55 -> 7.147
E56: GRAND TOTAL | F56: =F54+F55 -> 23.912 | G56: =G54+G55 -> 9.367 | H56: =H54+H55 -> 7.8 | I56: =I54+I55 -> 1.8 | J56: =J54+J55 -> 0 | K56: =F56+G56+H56+I56 -> 42.879 | L56: =L54+L55 -> 27.187 | M56: =M54+M55 -> 8.717 | N56: =N54+N55 -> 7.8 | O56: =O54+O55 -> 1.45 | P56: =P54+P55 -> 0 | Q56: =L56+M56+N56+O56 -> 45.154
E57: TOTAL STOCK | F57: =SUMIFS('WH+RT PREVIOUS'!$M$2:$M$15000,'WH+RT PREVIOUS'!$B$2:$B$15000,"N.C.Urea(45kg)",'WH+RT PREVIOUS'!$S$2:$S$15000,"M/S. Shyma Krishi B") -> 238.032 | G57: =SUMIFS('WH+RT PREVIOUS'!$M$2:$M$15000,'WH+RT PREVIOUS'!$B$2:$B$15000,"15-15-15",'WH+RT PREVIOUS'!$S$2:$S$15000,"M/S. Shyma Krishi B") -> 125.209 | H57: =SUMIFS('WH+RT PREVIOUS'!$M$2:$M$15000,'WH+RT PREVIOUS'!$B$2:$B$15000,"Imp 10-26-26",'WH+RT PREVIOUS'!$S$2:$S$15000,"M/S. Shyma Krishi B") -> 61.973 | I57: =SUMIFS('WH+RT PREVIOUS'!$M$2:$M$15000,'WH+RT PREVIOUS'!$B$2:$B$15000,"MOP",'WH+RT PREVIOUS'!$S$2:$S$15000,"M/S. Shyma Krishi B") -> 42.075 | J57: =SUMIFS('WH+RT PREVIOUS'!$M$2:$M$15000,'WH+RT PREVIOUS'!$B$2:$B$15000,"Imp DAP",'WH+RT PREVIOUS'!$S$2:$S$15000,"M/S. Shyma Krishi B") -> 0 | K57: =F57+G57+H57+I57 -> 467.289 | L57: =SUMIFS('WH+RT CURRENT'!$M$2:$M$15000,'WH+RT CURRENT'!$B$2:$B$15000,"N.C.Urea(45kg)",'WH+RT CURRENT'!$S$2:$S$15000,"M/S. Shyma Krishi B") -> 235.422 | M57: =SUMIFS('WH+RT CURRENT'!$M$2:$M$15000,'WH+RT CURRENT'!$B$2:$B$15000,"15-15-15",'WH+RT CURRENT'!$S$2:$S$15000,"M/S. Shyma Krishi B") -> 114.909 | N57: =SUMIFS('WH+RT CURRENT'!$M$2:$M$15000,'WH+RT CURRENT'!$B$2:$B$15000,"Imp 10-26-26",'WH+RT CURRENT'!$S$2:$S$15000,"M/S. Shyma Krishi B") -> 60.223 | O57: =SUMIFS('WH+RT CURRENT'!$M$2:$M$15000,'WH+RT CURRENT'!$B$2:$B$15000,"MOP",'WH+RT CURRENT'!$S$2:$S$15000,"M/S. Shyma Krishi B") -> 39.825 | P57: =SUMIFS('WH+RT CURRENT'!$M$2:$M$15000,'WH+RT CURRENT'!$B$2:$B$15000,"Imp DAP",'WH+RT CURRENT'!$S$2:$S$15000,"M/S. Shyma Krishi B") -> 0 | Q57: =L57+M57+N57+O57 -> 450.379
E60: Ma Lakshmi Krishi Bhandar
F61: Previous | L61: Current
F62: UREA | G62: S-15 | H62: 10-26-26 | I62: MOP | J62: DAP | K62: TOTAL | L62: UREA | M62: S-15 | N62: 10-26-26 | O62: MOP | P62: DAP | Q62: TOTAL
E63: 181-365 | F63: =SUMIFS('WH+RT PREVIOUS'!$M$2:$M$15000,'WH+RT PREVIOUS'!$B$2:$B$15000,"N.C.Urea(45kg)",'WH+RT PREVIOUS'!$R$2:$R$15000,"281511",'WH+RT PREVIOUS'!$N$2:$N$15000,">179",'WH+RT PREVIOUS'!$N$2:$N$15000,"<366") -> 12.283 | G63: =SUMIFS('WH+RT PREVIOUS'!$M$2:$M$15000,'WH+RT PREVIOUS'!$B$2:$B$15000,"15-15-15",'WH+RT PREVIOUS'!$R$2:$R$15000,"281511",'WH+RT PREVIOUS'!$N$2:$N$15000,">179",'WH+RT PREVIOUS'!$N$2:$N$15000,"<366") -> 5.906 | H63: =SUMIFS('WH+RT PREVIOUS'!$M$2:$M$15000,'WH+RT PREVIOUS'!$B$2:$B$15000,"Imp 10-26-26",'WH+RT PREVIOUS'!$R$2:$R$15000,"281511",'WH+RT PREVIOUS'!$N$2:$N$15000,">179",'WH+RT PREVIOUS'!$N$2:$N$15000,"<366") -> 0.205 | I63: =SUMIFS('WH+RT PREVIOUS'!$M$2:$M$15000,'WH+RT PREVIOUS'!$B$2:$B$15000,"MOP",'WH+RT PREVIOUS'!$R$2:$R$15000,"281511",'WH+RT PREVIOUS'!$N$2:$N$15000,">179",'WH+RT PREVIOUS'!$N$2:$N$15000,"<366") -> 0 | J63: =SUMIFS('WH+RT PREVIOUS'!$M$2:$M$15000,'WH+RT PREVIOUS'!$B$2:$B$15000,"Imp DAP",'WH+RT PREVIOUS'!$R$2:$R$15000,"281511",'WH+RT PREVIOUS'!$N$2:$N$15000,">179",'WH+RT PREVIOUS'!$N$2:$N$15000,"<366") -> 0 | K63: =F63+G63+H63+I63 -> 18.394 | L63: =SUMIFS('WH+RT CURRENT'!$M$2:$M$15000,'WH+RT CURRENT'!$B$2:$B$15000,"N.C.Urea(45kg)",'WH+RT CURRENT'!$R$2:$R$15000,"281511",'WH+RT CURRENT'!$N$2:$N$15000,">179",'WH+RT CURRENT'!$N$2:$N$15000,"<366") -> 11.923 | M63: =SUMIFS('WH+RT CURRENT'!$M$2:$M$15000,'WH+RT CURRENT'!$B$2:$B$15000,"15-15-15",'WH+RT CURRENT'!$R$2:$R$15000,"281511",'WH+RT CURRENT'!$N$2:$N$15000,">179",'WH+RT CURRENT'!$N$2:$N$15000,"<366") -> 4.506 | N63: =SUMIFS('WH+RT CURRENT'!$M$2:$M$15000,'WH+RT CURRENT'!$B$2:$B$15000,"Imp 10-26-26",'WH+RT CURRENT'!$R$2:$R$15000,"281511",'WH+RT CURRENT'!$N$2:$N$15000,">179",'WH+RT CURRENT'!$N$2:$N$15000,"<366") -> 0.205 | O63: =SUMIFS('WH+RT CURRENT'!$M$2:$M$15000,'WH+RT CURRENT'!$B$2:$B$15000,"MOP",'WH+RT CURRENT'!$R$2:$R$15000,"281511",'WH+RT CURRENT'!$N$2:$N$15000,">179",'WH+RT CURRENT'!$N$2:$N$15000,"<366") -> 0 | P63: =SUMIFS('WH+RT CURRENT'!$M$2:$M$15000,'WH+RT CURRENT'!$B$2:$B$15000,"Imp DAP",'WH+RT CURRENT'!$R$2:$R$15000,"281511",'WH+RT CURRENT'!$N$2:$N$15000,">179",'WH+RT CURRENT'!$N$2:$N$15000,"<366") -> 0 | Q63: =L63+M63+N63+O63 -> 16.634
E64: 366+ | F64: =SUMIFS('WH+RT PREVIOUS'!$M$2:$M$15000,'WH+RT PREVIOUS'!$B$2:$B$15000,"N.C.Urea(45kg)",'WH+RT PREVIOUS'!$R$2:$R$15000,"281511",'WH+RT PREVIOUS'!$N$2:$N$15000,">365") -> 8.64 | G64: =SUMIFS('WH+RT PREVIOUS'!$M$2:$M$15000,'WH+RT PREVIOUS'!$B$2:$B$15000,"15-15-15",'WH+RT PREVIOUS'!$R$2:$R$15000,"281511",'WH+RT PREVIOUS'!$N$2:$N$15000,">365") -> 17.045 | H64: =SUMIFS('WH+RT PREVIOUS'!$M$2:$M$15000,'WH+RT PREVIOUS'!$B$2:$B$15000,"Imp 10-26-26",'WH+RT PREVIOUS'!$R$2:$R$15000,"281511",'WH+RT PREVIOUS'!$N$2:$N$15000,">365") -> 0 | I64: =SUMIFS('WH+RT PREVIOUS'!$M$2:$M$15000,'WH+RT PREVIOUS'!$B$2:$B$15000,"MOP",'WH+RT PREVIOUS'!$R$2:$R$15000,"281511",'WH+RT PREVIOUS'!$N$2:$N$15000,">365") -> 1.85 | J64: =SUMIFS('WH+RT PREVIOUS'!$M$2:$M$15000,'WH+RT PREVIOUS'!$B$2:$B$15000,"Imp DAP",'WH+RT PREVIOUS'!$R$2:$R$15000,"281511",'WH+RT PREVIOUS'!$N$2:$N$15000,">365") -> 0 | K64: =F64+G64+H64+I64 -> 27.535 | L64: =SUMIFS('WH+RT CURRENT'!$M$2:$M$15000,'WH+RT CURRENT'!$B$2:$B$15000,"N.C.Urea(45kg)",'WH+RT CURRENT'!$R$2:$R$15000,"281511",'WH+RT CURRENT'!$N$2:$N$15000,">365") -> 8.01 | M64: =SUMIFS('WH+RT CURRENT'!$M$2:$M$15000,'WH+RT CURRENT'!$B$2:$B$15000,"15-15-15",'WH+RT CURRENT'!$R$2:$R$15000,"281511",'WH+RT CURRENT'!$N$2:$N$15000,">365") -> 16.645 | N64: =SUMIFS('WH+RT CURRENT'!$M$2:$M$15000,'WH+RT CURRENT'!$B$2:$B$15000,"Imp 10-26-26",'WH+RT CURRENT'!$R$2:$R$15000,"281511",'WH+RT CURRENT'!$N$2:$N$15000,">365") -> 0 | O64: =SUMIFS('WH+RT CURRENT'!$M$2:$M$15000,'WH+RT CURRENT'!$B$2:$B$15000,"MOP",'WH+RT CURRENT'!$R$2:$R$15000,"281511",'WH+RT CURRENT'!$N$2:$N$15000,">365") -> 1.85 | P64: =SUMIFS('WH+RT CURRENT'!$M$2:$M$15000,'WH+RT CURRENT'!$B$2:$B$15000,"Imp DAP",'WH+RT CURRENT'!$R$2:$R$15000,"281511",'WH+RT CURRENT'!$N$2:$N$15000,">365") -> 0 | Q64: =L64+M64+N64+O64 -> 26.505
E65: GRAND TOTAL | F65: =F63+F64 -> 20.923 | G65: =G63+G64 -> 22.951 | H65: =H63+H64 -> 0.205 | I65: =I63+I64 -> 1.85 | J65: =J63+J64 -> 0 | K65: =F65+G65+H65+I65 -> 45.929 | L65: =L63+L64 -> 19.933 | M65: =M63+M64 -> 21.151 | N65: =N63+N64 -> 0.205 | O65: =O63+O64 -> 1.85 | P65: =P63+P64 -> 0 | Q65: =L65+M65+N65+O65 -> 43.139
E66: TOTAL STOCK | F66: =SUMIFS('WH+RT PREVIOUS'!$M$2:$M$15000,'WH+RT PREVIOUS'!$B$2:$B$15000,"N.C.Urea(45kg)",'WH+RT PREVIOUS'!$R$2:$R$15000,"281511") -> 270.239 | G66: =SUMIFS('WH+RT PREVIOUS'!$M$2:$M$15000,'WH+RT PREVIOUS'!$B$2:$B$15000,"15-15-15",'WH+RT PREVIOUS'!$R$2:$R$15000,"281511") -> 238.053 | H66: =SUMIFS('WH+RT PREVIOUS'!$M$2:$M$15000,'WH+RT PREVIOUS'!$B$2:$B$15000,"Imp 10-26-26",'WH+RT PREVIOUS'!$R$2:$R$15000,"281511") -> 49.305 | I66: =SUMIFS('WH+RT PREVIOUS'!$M$2:$M$15000,'WH+RT PREVIOUS'!$B$2:$B$15000,"MOP",'WH+RT PREVIOUS'!$R$2:$R$15000,"281511") -> 73.624 | J66: =SUMIFS('WH+RT PREVIOUS'!$M$2:$M$15000,'WH+RT PREVIOUS'!$B$2:$B$15000,"Imp DAP",'WH+RT PREVIOUS'!$R$2:$R$15000,"281511") -> 0 | K66: =F66+G66+H66+I66 -> 631.221 | L66: =SUMIFS('WH+RT CURRENT'!$M$2:$M$15000,'WH+RT CURRENT'!$B$2:$B$15000,"N.C.Urea(45kg)",'WH+RT CURRENT'!$R$2:$R$15000,"281511") -> 249.657 | M66: =SUMIFS('WH+RT CURRENT'!$M$2:$M$15000,'WH+RT CURRENT'!$B$2:$B$15000,"15-15-15",'WH+RT CURRENT'!$R$2:$R$15000,"281511") -> 217.346 | N66: =SUMIFS('WH+RT CURRENT'!$M$2:$M$15000,'WH+RT CURRENT'!$B$2:$B$15000,"Imp 10-26-26",'WH+RT CURRENT'!$R$2:$R$15000,"281511") -> 46.105 | O66: =SUMIFS('WH+RT CURRENT'!$M$2:$M$15000,'WH+RT CURRENT'!$B$2:$B$15000,"MOP",'WH+RT CURRENT'!$R$2:$R$15000,"281511") -> 73.024 | P66: =SUMIFS('WH+RT CURRENT'!$M$2:$M$15000,'WH+RT CURRENT'!$B$2:$B$15000,"Imp DAP",'WH+RT CURRENT'!$R$2:$R$15000,"281511") -> 0 | Q66: =L66+M66+N66+O66 -> 586.132
E69: N.C. Das and Co.
F70: Previous | L70: Current
F71: UREA | G71: S-15 | H71: 10-26-26 | I71: MOP | J71: DAP | K71: TOTAL | L71: UREA | M71: S-15 | N71: 10-26-26 | O71: MOP | P71: DAP | Q71: TOTAL
E72: 181-365 | F72: =SUMIFS('WH+RT PREVIOUS'!$M$2:$M$15000,'WH+RT PREVIOUS'!$B$2:$B$15000,"N.C.Urea(45kg)",'WH+RT PREVIOUS'!$R$2:$R$15000,"281522",'WH+RT PREVIOUS'!$N$2:$N$15000,">179",'WH+RT PREVIOUS'!$N$2:$N$15000,"<366") -> 35.28 | G72: =SUMIFS('WH+RT PREVIOUS'!$M$2:$M$15000,'WH+RT PREVIOUS'!$B$2:$B$15000,"15-15-15",'WH+RT PREVIOUS'!$R$2:$R$15000,"281522",'WH+RT PREVIOUS'!$N$2:$N$15000,">179",'WH+RT PREVIOUS'!$N$2:$N$15000,"<366") -> 13.21 | H72: =SUMIFS('WH+RT PREVIOUS'!$M$2:$M$15000,'WH+RT PREVIOUS'!$B$2:$B$15000,"Imp 10-26-26",'WH+RT PREVIOUS'!$R$2:$R$15000,"281522",'WH+RT PREVIOUS'!$N$2:$N$15000,">179",'WH+RT PREVIOUS'!$N$2:$N$15000,"<366") -> 0 | I72: =SUMIFS('WH+RT PREVIOUS'!$M$2:$M$15000,'WH+RT PREVIOUS'!$B$2:$B$15000,"MOP",'WH+RT PREVIOUS'!$R$2:$R$15000,"281522",'WH+RT PREVIOUS'!$N$2:$N$15000,">179",'WH+RT PREVIOUS'!$N$2:$N$15000,"<366") -> 0 | J72: =SUMIFS('WH+RT PREVIOUS'!$M$2:$M$15000,'WH+RT PREVIOUS'!$B$2:$B$15000,"Imp DAP",'WH+RT PREVIOUS'!$R$2:$R$15000,"281522",'WH+RT PREVIOUS'!$N$2:$N$15000,">179",'WH+RT PREVIOUS'!$N$2:$N$15000,"<366") -> 0 | K72: =F72+G72+H72+I72 -> 48.49 | L72: =SUMIFS('WH+RT CURRENT'!$M$2:$M$15000,'WH+RT CURRENT'!$B$2:$B$15000,"N.C.Urea(45kg)",'WH+RT CURRENT'!$R$2:$R$15000,"281522",'WH+RT CURRENT'!$N$2:$N$15000,">179",'WH+RT CURRENT'!$N$2:$N$15000,"<366") -> 34.605 | M72: =SUMIFS('WH+RT CURRENT'!$M$2:$M$15000,'WH+RT CURRENT'!$B$2:$B$15000,"15-15-15",'WH+RT CURRENT'!$R$2:$R$15000,"281522",'WH+RT CURRENT'!$N$2:$N$15000,">179",'WH+RT CURRENT'!$N$2:$N$15000,"<366") -> 12.36 | N72: =SUMIFS('WH+RT CURRENT'!$M$2:$M$15000,'WH+RT CURRENT'!$B$2:$B$15000,"Imp 10-26-26",'WH+RT CURRENT'!$R$2:$R$15000,"281522",'WH+RT CURRENT'!$N$2:$N$15000,">179",'WH+RT CURRENT'!$N$2:$N$15000,"<366") -> 0 | O72: =SUMIFS('WH+RT CURRENT'!$M$2:$M$15000,'WH+RT CURRENT'!$B$2:$B$15000,"MOP",'WH+RT CURRENT'!$R$2:$R$15000,"281522",'WH+RT CURRENT'!$N$2:$N$15000,">179",'WH+RT CURRENT'!$N$2:$N$15000,"<366") -> 0 | P72: =SUMIFS('WH+RT CURRENT'!$M$2:$M$15000,'WH+RT CURRENT'!$B$2:$B$15000,"Imp DAP",'WH+RT CURRENT'!$R$2:$R$15000,"281522",'WH+RT CURRENT'!$N$2:$N$15000,">179",'WH+RT CURRENT'!$N$2:$N$15000,"<366") -> 0 | Q72: =L72+M72+N72+O72 -> 46.965
E73: 366+ | F73: =SUMIFS('WH+RT PREVIOUS'!$M$2:$M$15000,'WH+RT PREVIOUS'!$B$2:$B$15000,"N.C.Urea(45kg)",'WH+RT PREVIOUS'!$R$2:$R$15000,"281522",'WH+RT PREVIOUS'!$N$2:$N$15000,">365") -> 15.955 | G73: =SUMIFS('WH+RT PREVIOUS'!$M$2:$M$15000,'WH+RT PREVIOUS'!$B$2:$B$15000,"15-15-15",'WH+RT PREVIOUS'!$R$2:$R$15000,"281522",'WH+RT PREVIOUS'!$N$2:$N$15000,">365") -> 4.55 | H73: =SUMIFS('WH+RT PREVIOUS'!$M$2:$M$15000,'WH+RT PREVIOUS'!$B$2:$B$15000,"Imp 10-26-26",'WH+RT PREVIOUS'!$R$2:$R$15000,"281522",'WH+RT PREVIOUS'!$N$2:$N$15000,">365") -> 0 | I73: =SUMIFS('WH+RT PREVIOUS'!$M$2:$M$15000,'WH+RT PREVIOUS'!$B$2:$B$15000,"MOP",'WH+RT PREVIOUS'!$R$2:$R$15000,"281522",'WH+RT PREVIOUS'!$N$2:$N$15000,">365") -> 0 | J73: =SUMIFS('WH+RT PREVIOUS'!$M$2:$M$15000,'WH+RT PREVIOUS'!$B$2:$B$15000,"Imp DAP",'WH+RT PREVIOUS'!$R$2:$R$15000,"281522",'WH+RT PREVIOUS'!$N$2:$N$15000,">365") -> 0 | K73: =F73+G73+H73+I73 -> 20.505 | L73: =SUMIFS('WH+RT CURRENT'!$M$2:$M$15000,'WH+RT CURRENT'!$B$2:$B$15000,"N.C.Urea(45kg)",'WH+RT CURRENT'!$R$2:$R$15000,"281522",'WH+RT CURRENT'!$N$2:$N$15000,">365") -> 15.955 | M73: =SUMIFS('WH+RT CURRENT'!$M$2:$M$15000,'WH+RT CURRENT'!$B$2:$B$15000,"15-15-15",'WH+RT CURRENT'!$R$2:$R$15000,"281522",'WH+RT CURRENT'!$N$2:$N$15000,">365") -> 4.55 | N73: =SUMIFS('WH+RT CURRENT'!$M$2:$M$15000,'WH+RT CURRENT'!$B$2:$B$15000,"Imp 10-26-26",'WH+RT CURRENT'!$R$2:$R$15000,"281522",'WH+RT CURRENT'!$N$2:$N$15000,">365") -> 0 | O73: =SUMIFS('WH+RT CURRENT'!$M$2:$M$15000,'WH+RT CURRENT'!$B$2:$B$15000,"MOP",'WH+RT CURRENT'!$R$2:$R$15000,"281522",'WH+RT CURRENT'!$N$2:$N$15000,">365") -> 0 | P73: =SUMIFS('WH+RT CURRENT'!$M$2:$M$15000,'WH+RT CURRENT'!$B$2:$B$15000,"Imp DAP",'WH+RT CURRENT'!$R$2:$R$15000,"281522",'WH+RT CURRENT'!$N$2:$N$15000,">365") -> 0 | Q73: =L73+M73+N73+O73 -> 20.505
E74: GRAND TOTAL | F74: =F72+F73 -> 51.235 | G74: =G72+G73 -> 17.76 | H74: =H72+H73 -> 0 | I74: =I72+I73 -> 0 | J74: =J72+J73 -> 0 | K74: =F74+G74+H74+I74 -> 68.995 | L74: =L72+L73 -> 50.56 | M74: =M72+M73 -> 16.91 | N74: =N72+N73 -> 0 | O74: =O72+O73 -> 0 | P74: =P72+P73 -> 0 | Q74: =L74+M74+N74+O74 -> 67.47
E75: TOTAL STOCK | F75: =SUMIFS('WH+RT PREVIOUS'!$M$2:$M$15000,'WH+RT PREVIOUS'!$B$2:$B$15000,"N.C.Urea(45kg)",'WH+RT PREVIOUS'!$R$2:$R$15000,"281522") -> 381.775 | G75: =SUMIFS('WH+RT PREVIOUS'!$M$2:$M$15000,'WH+RT PREVIOUS'!$B$2:$B$15000,"15-15-15",'WH+RT PREVIOUS'!$R$2:$R$15000,"281522") -> 190.18 | H75: =SUMIFS('WH+RT PREVIOUS'!$M$2:$M$15000,'WH+RT PREVIOUS'!$B$2:$B$15000,"Imp 10-26-26",'WH+RT PREVIOUS'!$R$2:$R$15000,"281522") -> 32.3 | I75: =SUMIFS('WH+RT PREVIOUS'!$M$2:$M$15000,'WH+RT PREVIOUS'!$B$2:$B$15000,"MOP",'WH+RT PREVIOUS'!$R$2:$R$15000,"281522") -> 41.05 | J75: =SUMIFS('WH+RT PREVIOUS'!$M$2:$M$15000,'WH+RT PREVIOUS'!$B$2:$B$15000,"Imp DAP",'WH+RT PREVIOUS'!$R$2:$R$15000,"281522") -> 0 | K75: =F75+G75+H75+I75 -> 645.305 | L75: =SUMIFS('WH+RT CURRENT'!$M$2:$M$15000,'WH+RT CURRENT'!$B$2:$B$15000,"N.C.Urea(45kg)",'WH+RT CURRENT'!$R$2:$R$15000,"281522") -> 357.565 | M75: =SUMIFS('WH+RT CURRENT'!$M$2:$M$15000,'WH+RT CURRENT'!$B$2:$B$15000,"15-15-15",'WH+RT CURRENT'!$R$2:$R$15000,"281522") -> 184.78 | N75: =SUMIFS('WH+RT CURRENT'!$M$2:$M$15000,'WH+RT CURRENT'!$B$2:$B$15000,"Imp 10-26-26",'WH+RT CURRENT'!$R$2:$R$15000,"281522") -> 36.4 | O75: =SUMIFS('WH+RT CURRENT'!$M$2:$M$15000,'WH+RT CURRENT'!$B$2:$B$15000,"MOP",'WH+RT CURRENT'!$R$2:$R$15000,"281522") -> 38.2 | P75: =SUMIFS('WH+RT CURRENT'!$M$2:$M$15000,'WH+RT CURRENT'!$B$2:$B$15000,"Imp DAP",'WH+RT CURRENT'!$R$2:$R$15000,"281522") -> 0 | Q75: =L75+M75+N75+O75 -> 616.945
E78: National Supply Agency
F79: Previous | L79: Current
F80: UREA | G80: S-15 | H80: 10-26-26 | I80: MOP | J80: DAP | K80: TOTAL | L80: UREA | M80: S-15 | N80: 10-26-26 | O80: MOP | P80: DAP | Q80: TOTAL
E81: 181-365 | F81: =SUMIFS('WH+RT PREVIOUS'!$M$2:$M$15000,'WH+RT PREVIOUS'!$B$2:$B$15000,"N.C.Urea(45kg)",'WH+RT PREVIOUS'!$R$2:$R$15000,"223817",'WH+RT PREVIOUS'!$N$2:$N$15000,">179",'WH+RT PREVIOUS'!$N$2:$N$15000,"<366") -> 0 | G81: =SUMIFS('WH+RT PREVIOUS'!$M$2:$M$15000,'WH+RT PREVIOUS'!$B$2:$B$15000,"15-15-15",'WH+RT PREVIOUS'!$R$2:$R$15000,"223817",'WH+RT PREVIOUS'!$N$2:$N$15000,">179",'WH+RT PREVIOUS'!$N$2:$N$15000,"<366") -> 0 | H81: =SUMIFS('WH+RT PREVIOUS'!$M$2:$M$15000,'WH+RT PREVIOUS'!$B$2:$B$15000,"Imp 10-26-26",'WH+RT PREVIOUS'!$R$2:$R$15000,"223817",'WH+RT PREVIOUS'!$N$2:$N$15000,">179",'WH+RT PREVIOUS'!$N$2:$N$15000,"<366") -> 0 | I81: =SUMIFS('WH+RT PREVIOUS'!$M$2:$M$15000,'WH+RT PREVIOUS'!$B$2:$B$15000,"MOP",'WH+RT PREVIOUS'!$R$2:$R$15000,"223817",'WH+RT PREVIOUS'!$N$2:$N$15000,">179",'WH+RT PREVIOUS'!$N$2:$N$15000,"<366") -> 0 | J81: =SUMIFS('WH+RT PREVIOUS'!$M$2:$M$15000,'WH+RT PREVIOUS'!$B$2:$B$15000,"Imp DAP",'WH+RT PREVIOUS'!$R$2:$R$15000,"223817",'WH+RT PREVIOUS'!$N$2:$N$15000,">179",'WH+RT PREVIOUS'!$N$2:$N$15000,"<366") -> 0 | K81: =F81+G81+H81+I81 -> 0 | L81: =SUMIFS('WH+RT CURRENT'!$M$2:$M$15000,'WH+RT CURRENT'!$B$2:$B$15000,"N.C.Urea(45kg)",'WH+RT CURRENT'!$R$2:$R$15000,"223817",'WH+RT CURRENT'!$N$2:$N$15000,">179",'WH+RT CURRENT'!$N$2:$N$15000,"<366") -> 0 | M81: =SUMIFS('WH+RT CURRENT'!$M$2:$M$15000,'WH+RT CURRENT'!$B$2:$B$15000,"15-15-15",'WH+RT CURRENT'!$R$2:$R$15000,"223817",'WH+RT CURRENT'!$N$2:$N$15000,">179",'WH+RT CURRENT'!$N$2:$N$15000,"<366") -> 0 | N81: =SUMIFS('WH+RT CURRENT'!$M$2:$M$15000,'WH+RT CURRENT'!$B$2:$B$15000,"Imp 10-26-26",'WH+RT CURRENT'!$R$2:$R$15000,"223817",'WH+RT CURRENT'!$N$2:$N$15000,">179",'WH+RT CURRENT'!$N$2:$N$15000,"<366") -> 0 | O81: =SUMIFS('WH+RT CURRENT'!$M$2:$M$15000,'WH+RT CURRENT'!$B$2:$B$15000,"MOP",'WH+RT CURRENT'!$R$2:$R$15000,"223817",'WH+RT CURRENT'!$N$2:$N$15000,">179",'WH+RT CURRENT'!$N$2:$N$15000,"<366") -> 0 | P81: =SUMIFS('WH+RT CURRENT'!$M$2:$M$15000,'WH+RT CURRENT'!$B$2:$B$15000,"Imp DAP",'WH+RT CURRENT'!$R$2:$R$15000,"223817",'WH+RT CURRENT'!$N$2:$N$15000,">179",'WH+RT CURRENT'!$N$2:$N$15000,"<366") -> 0 | Q81: =L81+M81+N81+O81 -> 0
E82: 366+ | F82: =SUMIFS('WH+RT PREVIOUS'!$M$2:$M$15000,'WH+RT PREVIOUS'!$B$2:$B$15000,"N.C.Urea(45kg)",'WH+RT PREVIOUS'!$R$2:$R$15000,"223817",'WH+RT PREVIOUS'!$N$2:$N$15000,">365") -> 0 | G82: =SUMIFS('WH+RT PREVIOUS'!$M$2:$M$15000,'WH+RT PREVIOUS'!$B$2:$B$15000,"15-15-15",'WH+RT PREVIOUS'!$R$2:$R$15000,"223817",'WH+RT PREVIOUS'!$N$2:$N$15000,">365") -> 0 | H82: =SUMIFS('WH+RT PREVIOUS'!$M$2:$M$15000,'WH+RT PREVIOUS'!$B$2:$B$15000,"Imp 10-26-26",'WH+RT PREVIOUS'!$R$2:$R$15000,"223817",'WH+RT PREVIOUS'!$N$2:$N$15000,">365") -> 0 | I82: =SUMIFS('WH+RT PREVIOUS'!$M$2:$M$15000,'WH+RT PREVIOUS'!$B$2:$B$15000,"MOP",'WH+RT PREVIOUS'!$R$2:$R$15000,"223817",'WH+RT PREVIOUS'!$N$2:$N$15000,">365") -> 0 | J82: =SUMIFS('WH+RT PREVIOUS'!$M$2:$M$15000,'WH+RT PREVIOUS'!$B$2:$B$15000,"Imp DAP",'WH+RT PREVIOUS'!$R$2:$R$15000,"223817",'WH+RT PREVIOUS'!$N$2:$N$15000,">365") -> 0 | K82: =F82+G82+H82+I82 -> 0 | L82: =SUMIFS('WH+RT CURRENT'!$M$2:$M$15000,'WH+RT CURRENT'!$B$2:$B$15000,"N.C.Urea(45kg)",'WH+RT CURRENT'!$R$2:$R$15000,"223817",'WH+RT CURRENT'!$N$2:$N$15000,">365") -> 0 | M82: =SUMIFS('WH+RT CURRENT'!$M$2:$M$15000,'WH+RT CURRENT'!$B$2:$B$15000,"15-15-15",'WH+RT CURRENT'!$R$2:$R$15000,"223817",'WH+RT CURRENT'!$N$2:$N$15000,">365") -> 0 | N82: =SUMIFS('WH+RT CURRENT'!$M$2:$M$15000,'WH+RT CURRENT'!$B$2:$B$15000,"Imp 10-26-26",'WH+RT CURRENT'!$R$2:$R$15000,"223817",'WH+RT CURRENT'!$N$2:$N$15000,">365") -> 0 | O82: =SUMIFS('WH+RT CURRENT'!$M$2:$M$15000,'WH+RT CURRENT'!$B$2:$B$15000,"MOP",'WH+RT CURRENT'!$R$2:$R$15000,"223817",'WH+RT CURRENT'!$N$2:$N$15000,">365") -> 0 | P82: =SUMIFS('WH+RT CURRENT'!$M$2:$M$15000,'WH+RT CURRENT'!$B$2:$B$15000,"Imp DAP",'WH+RT CURRENT'!$R$2:$R$15000,"223817",'WH+RT CURRENT'!$N$2:$N$15000,">365") -> 0 | Q82: =L82+M82+N82+O82 -> 0
E83: GRAND TOTAL | F83: =F81+F82 -> 0 | G83: =G81+G82 -> 0 | H83: =H81+H82 -> 0 | I83: =I81+I82 -> 0 | J83: =J81+J82 -> 0 | K83: =F83+G83+H83+I83 -> 0 | L83: =L81+L82 -> 0 | M83: =M81+M82 -> 0 | N83: =N81+N82 -> 0 | O83: =O81+O82 -> 0 | P83: =P81+P82 -> 0 | Q83: =L83+M83+N83+O83 -> 0
E84: TOTAL STOCK | F84: =SUMIFS('WH+RT PREVIOUS'!$M$2:$M$15000,'WH+RT PREVIOUS'!$B$2:$B$15000,"N.C.Urea(45kg)",'WH+RT PREVIOUS'!$R$2:$R$15000,"223817") -> 44.06 | G84: =SUMIFS('WH+RT PREVIOUS'!$M$2:$M$15000,'WH+RT PREVIOUS'!$B$2:$B$15000,"15-15-15",'WH+RT PREVIOUS'!$R$2:$R$15000,"223817") -> 23.55 | H84: =SUMIFS('WH+RT PREVIOUS'!$M$2:$M$15000,'WH+RT PREVIOUS'!$B$2:$B$15000,"Imp 10-26-26",'WH+RT PREVIOUS'!$R$2:$R$15000,"223817") -> 17.45 | I84: =SUMIFS('WH+RT PREVIOUS'!$M$2:$M$15000,'WH+RT PREVIOUS'!$B$2:$B$15000,"MOP",'WH+RT PREVIOUS'!$R$2:$R$15000,"223817") -> 3.9 | J84: =SUMIFS('WH+RT PREVIOUS'!$M$2:$M$15000,'WH+RT PREVIOUS'!$B$2:$B$15000,"Imp DAP",'WH+RT PREVIOUS'!$R$2:$R$15000,"223817") -> 0 | K84: =F84+G84+H84+I84 -> 88.96 | L84: =SUMIFS('WH+RT CURRENT'!$M$2:$M$15000,'WH+RT CURRENT'!$B$2:$B$15000,"N.C.Urea(45kg)",'WH+RT CURRENT'!$R$2:$R$15000,"223817") -> 36.095 | M84: =SUMIFS('WH+RT CURRENT'!$M$2:$M$15000,'WH+RT CURRENT'!$B$2:$B$15000,"15-15-15",'WH+RT CURRENT'!$R$2:$R$15000,"223817") -> 17.2 | N84: =SUMIFS('WH+RT CURRENT'!$M$2:$M$15000,'WH+RT CURRENT'!$B$2:$B$15000,"Imp 10-26-26",'WH+RT CURRENT'!$R$2:$R$15000,"223817") -> 16.85 | O84: =SUMIFS('WH+RT CURRENT'!$M$2:$M$15000,'WH+RT CURRENT'!$B$2:$B$15000,"MOP",'WH+RT CURRENT'!$R$2:$R$15000,"223817") -> 3.6 | P84: =SUMIFS('WH+RT CURRENT'!$M$2:$M$15000,'WH+RT CURRENT'!$B$2:$B$15000,"Imp DAP",'WH+RT CURRENT'!$R$2:$R$15000,"223817") -> 0 | Q84: =L84+M84+N84+O84 -> 73.745
E87: Sahidul Islam Co.
F88: Previous | L88: Current
F89: UREA | G89: S-15 | H89: 10-26-26 | I89: MOP | J89: DAP | K89: TOTAL | L89: UREA | M89: S-15 | N89: 10-26-26 | O89: MOP | P89: DAP | Q89: TOTAL
E90: 181-365 | F90: =SUMIFS('WH+RT PREVIOUS'!$M$2:$M$15000,'WH+RT PREVIOUS'!$B$2:$B$15000,"N.C.Urea(45kg)",'WH+RT PREVIOUS'!$R$2:$R$15000,"223815",'WH+RT PREVIOUS'!$N$2:$N$15000,">179",'WH+RT PREVIOUS'!$N$2:$N$15000,"<366") -> 1.47 | G90: =SUMIFS('WH+RT PREVIOUS'!$M$2:$M$15000,'WH+RT PREVIOUS'!$B$2:$B$15000,"15-15-15",'WH+RT PREVIOUS'!$R$2:$R$15000,"223815",'WH+RT PREVIOUS'!$N$2:$N$15000,">179",'WH+RT PREVIOUS'!$N$2:$N$15000,"<366") -> 0 | H90: =SUMIFS('WH+RT PREVIOUS'!$M$2:$M$15000,'WH+RT PREVIOUS'!$B$2:$B$15000,"Imp 10-26-26",'WH+RT PREVIOUS'!$R$2:$R$15000,"223815",'WH+RT PREVIOUS'!$N$2:$N$15000,">179",'WH+RT PREVIOUS'!$N$2:$N$15000,"<366") -> 0 | I90: =SUMIFS('WH+RT PREVIOUS'!$M$2:$M$15000,'WH+RT PREVIOUS'!$B$2:$B$15000,"MOP",'WH+RT PREVIOUS'!$R$2:$R$15000,"223815",'WH+RT PREVIOUS'!$N$2:$N$15000,">179",'WH+RT PREVIOUS'!$N$2:$N$15000,"<366") -> 0 | J90: =SUMIFS('WH+RT PREVIOUS'!$M$2:$M$15000,'WH+RT PREVIOUS'!$B$2:$B$15000,"Imp DAP",'WH+RT PREVIOUS'!$R$2:$R$15000,"223815",'WH+RT PREVIOUS'!$N$2:$N$15000,">179",'WH+RT PREVIOUS'!$N$2:$N$15000,"<366") -> 0 | K90: =F90+G90+H90+I90 -> 1.47 | L90: =SUMIFS('WH+RT CURRENT'!M:M,'WH+RT CURRENT'!B:B,"N.C.Urea(45kg)",'WH+RT CURRENT'!R:R,"223815",'WH+RT CURRENT'!N:N,">179",'WH+RT CURRENT'!N:N,"<366") -> 1.47 | M90: =SUMIFS('WH+RT CURRENT'!$M$2:$M$15000,'WH+RT CURRENT'!$B$2:$B$15000,"15-15-15",'WH+RT CURRENT'!$R$2:$R$15000,"223815",'WH+RT CURRENT'!$N$2:$N$15000,">179",'WH+RT CURRENT'!$N$2:$N$15000,"<366") -> 0 | N90: =SUMIFS('WH+RT CURRENT'!$M$2:$M$15000,'WH+RT CURRENT'!$B$2:$B$15000,"Imp 10-26-26",'WH+RT CURRENT'!$R$2:$R$15000,"223815",'WH+RT CURRENT'!$N$2:$N$15000,">179",'WH+RT CURRENT'!$N$2:$N$15000,"<366") -> 0 | O90: =SUMIFS('WH+RT CURRENT'!$M$2:$M$15000,'WH+RT CURRENT'!$B$2:$B$15000,"MOP",'WH+RT CURRENT'!$R$2:$R$15000,"223815",'WH+RT CURRENT'!$N$2:$N$15000,">179",'WH+RT CURRENT'!$N$2:$N$15000,"<366") -> 0 | P90: =SUMIFS('WH+RT CURRENT'!$M$2:$M$15000,'WH+RT CURRENT'!$B$2:$B$15000,"Imp DAP",'WH+RT CURRENT'!$R$2:$R$15000,"223815",'WH+RT CURRENT'!$N$2:$N$15000,">179",'WH+RT CURRENT'!$N$2:$N$15000,"<366") -> 0 | Q90: =L90+M90+N90+O90 -> 1.47
E91: 366+ | F91: =SUMIFS('WH+RT PREVIOUS'!$M$2:$M$15000,'WH+RT PREVIOUS'!$B$2:$B$15000,"N.C.Urea(45kg)",'WH+RT PREVIOUS'!$R$2:$R$15000,"223815",'WH+RT PREVIOUS'!$N$2:$N$15000,">365") -> 2.43 | G91: =SUMIFS('WH+RT PREVIOUS'!$M$2:$M$15000,'WH+RT PREVIOUS'!$B$2:$B$15000,"15-15-15",'WH+RT PREVIOUS'!$R$2:$R$15000,"223815",'WH+RT PREVIOUS'!$N$2:$N$15000,">365") -> 2.25 | H91: =SUMIFS('WH+RT PREVIOUS'!$M$2:$M$15000,'WH+RT PREVIOUS'!$B$2:$B$15000,"Imp 10-26-26",'WH+RT PREVIOUS'!$R$2:$R$15000,"223815",'WH+RT PREVIOUS'!$N$2:$N$15000,">365") -> 0 | I91: =SUMIFS('WH+RT PREVIOUS'!$M$2:$M$15000,'WH+RT PREVIOUS'!$B$2:$B$15000,"MOP",'WH+RT PREVIOUS'!$R$2:$R$15000,"223815",'WH+RT PREVIOUS'!$N$2:$N$15000,">365") -> 0 | J91: =SUMIFS('WH+RT PREVIOUS'!$M$2:$M$15000,'WH+RT PREVIOUS'!$B$2:$B$15000,"Imp DAP",'WH+RT PREVIOUS'!$R$2:$R$15000,"223815",'WH+RT PREVIOUS'!$N$2:$N$15000,">365") -> 0 | K91: =F91+G91+H91+I91 -> 4.68 | L91: =SUMIFS('WH+RT CURRENT'!$M$2:$M$15000,'WH+RT CURRENT'!$B$2:$B$15000,"N.C.Urea(45kg)",'WH+RT CURRENT'!$R$2:$R$15000,"223815",'WH+RT CURRENT'!$N$2:$N$15000,">365") -> 2.43 | M91: =SUMIFS('WH+RT CURRENT'!$M$2:$M$15000,'WH+RT CURRENT'!$B$2:$B$15000,"15-15-15",'WH+RT CURRENT'!$R$2:$R$15000,"223815",'WH+RT CURRENT'!$N$2:$N$15000,">365") -> 2.25 | N91: =SUMIFS('WH+RT CURRENT'!$M$2:$M$15000,'WH+RT CURRENT'!$B$2:$B$15000,"Imp 10-26-26",'WH+RT CURRENT'!$R$2:$R$15000,"223815",'WH+RT CURRENT'!$N$2:$N$15000,">365") -> 0 | O91: =SUMIFS('WH+RT CURRENT'!$M$2:$M$15000,'WH+RT CURRENT'!$B$2:$B$15000,"MOP",'WH+RT CURRENT'!$R$2:$R$15000,"223815",'WH+RT CURRENT'!$N$2:$N$15000,">365") -> 0 | P91: =SUMIFS('WH+RT CURRENT'!$M$2:$M$15000,'WH+RT CURRENT'!$B$2:$B$15000,"Imp DAP",'WH+RT CURRENT'!$R$2:$R$15000,"223815",'WH+RT CURRENT'!$N$2:$N$15000,">365") -> 0 | Q91: =L91+M91+N91+O91 -> 4.68
E92: GRAND TOTAL | F92: =F90+F91 -> 3.9 | G92: =G90+G91 -> 2.25 | H92: =H90+H91 -> 0 | I92: =I90+I91 -> 0 | J92: =J90+J91 -> 0 | K92: =F92+G92+H92+I92 -> 6.15 | L92: =L90+L91 -> 3.9 | M92: =M90+M91 -> 2.25 | N92: =N90+N91 -> 0 | O92: =O90+O91 -> 0 | P92: =P90+P91 -> 0 | Q92: =L92+M92+N92+O92 -> 6.15
E93: TOTAL STOCK | F93: =SUMIFS('WH+RT PREVIOUS'!$M$2:$M$15000,'WH+RT PREVIOUS'!$B$2:$B$15000,"N.C.Urea(45kg)",'WH+RT PREVIOUS'!$R$2:$R$15000,"223815") -> 22.08 | G93: =SUMIFS('WH+RT PREVIOUS'!$M$2:$M$15000,'WH+RT PREVIOUS'!$B$2:$B$15000,"15-15-15",'WH+RT PREVIOUS'!$R$2:$R$15000,"223815") -> 22.97 | H93: =SUMIFS('WH+RT PREVIOUS'!$M$2:$M$15000,'WH+RT PREVIOUS'!$B$2:$B$15000,"Imp 10-26-26",'WH+RT PREVIOUS'!$R$2:$R$15000,"223815") -> 11.55 | I93: =SUMIFS('WH+RT PREVIOUS'!$M$2:$M$15000,'WH+RT PREVIOUS'!$B$2:$B$15000,"MOP",'WH+RT PREVIOUS'!$R$2:$R$15000,"223815") -> 6.25 | J93: =SUMIFS('WH+RT PREVIOUS'!$M$2:$M$15000,'WH+RT PREVIOUS'!$B$2:$B$15000,"Imp DAP",'WH+RT PREVIOUS'!$R$2:$R$15000,"223815") -> 0 | K93: =F93+G93+H93+I93 -> 62.85 | L93: =SUMIFS('WH+RT CURRENT'!$M$2:$M$15000,'WH+RT CURRENT'!$B$2:$B$15000,"N.C.Urea(45kg)",'WH+RT CURRENT'!$R$2:$R$15000,"223815") -> 17.445 | M93: =SUMIFS('WH+RT CURRENT'!$M$2:$M$15000,'WH+RT CURRENT'!$B$2:$B$15000,"15-15-15",'WH+RT CURRENT'!$R$2:$R$15000,"223815") -> 21.17 | N93: =SUMIFS('WH+RT CURRENT'!$M$2:$M$15000,'WH+RT CURRENT'!$B$2:$B$15000,"Imp 10-26-26",'WH+RT CURRENT'!$R$2:$R$15000,"223815") -> 9.45 | O93: =SUMIFS('WH+RT CURRENT'!$M$2:$M$15000,'WH+RT CURRENT'!$B$2:$B$15000,"MOP",'WH+RT CURRENT'!$R$2:$R$15000,"223815") -> 1.8 | P93: =SUMIFS('WH+RT CURRENT'!$M$2:$M$15000,'WH+RT CURRENT'!$B$2:$B$15000,"Imp DAP",'WH+RT CURRENT'!$R$2:$R$15000,"223815") -> 0 | Q93: =L93+M93+N93+O93 -> 49.865
E96: Sankar Lal Saha
F97: Previous | L97: Current
F98: UREA | G98: S-15 | H98: 10-26-26 | I98: MOP | J98: DAP | K98: TOTAL | L98: UREA | M98: S-15 | N98: 10-26-26 | O98: MOP | P98: DAP | Q98: TOTAL
E99: 181-365 | F99: =SUMIFS('WH+RT PREVIOUS'!$M$2:$M$15000,'WH+RT PREVIOUS'!$B$2:$B$15000,"N.C.Urea(45kg)",'WH+RT PREVIOUS'!$R$2:$R$15000,"289634",'WH+RT PREVIOUS'!$N$2:$N$15000,">179",'WH+RT PREVIOUS'!$N$2:$N$15000,"<366") -> 0 | G99: =SUMIFS('WH+RT PREVIOUS'!$M$2:$M$15000,'WH+RT PREVIOUS'!$B$2:$B$15000,"15-15-15",'WH+RT PREVIOUS'!$R$2:$R$15000,"289634",'WH+RT PREVIOUS'!$N$2:$N$15000,">179",'WH+RT PREVIOUS'!$N$2:$N$15000,"<366") -> 3.201 | H99: =SUMIFS('WH+RT PREVIOUS'!$M$2:$M$15000,'WH+RT PREVIOUS'!$B$2:$B$15000,"Imp 10-26-26",'WH+RT PREVIOUS'!$R$2:$R$15000,"289634",'WH+RT PREVIOUS'!$N$2:$N$15000,">179",'WH+RT PREVIOUS'!$N$2:$N$15000,"<366") -> 0 | I99: =SUMIFS('WH+RT PREVIOUS'!$M$2:$M$15000,'WH+RT PREVIOUS'!$B$2:$B$15000,"MOP",'WH+RT PREVIOUS'!$R$2:$R$15000,"289634",'WH+RT PREVIOUS'!$N$2:$N$15000,">179",'WH+RT PREVIOUS'!$N$2:$N$15000,"<366") -> 0 | J99: =SUMIFS('WH+RT PREVIOUS'!$M$2:$M$15000,'WH+RT PREVIOUS'!$B$2:$B$15000,"Imp DAP",'WH+RT PREVIOUS'!$R$2:$R$15000,"289634",'WH+RT PREVIOUS'!$N$2:$N$15000,">179",'WH+RT PREVIOUS'!$N$2:$N$15000,"<366") -> 0 | K99: =F99+G99+H99+I99 -> 3.201 | L99: =SUMIFS('WH+RT CURRENT'!M:M,'WH+RT CURRENT'!B:B,"N.C.Urea(45kg)",'WH+RT CURRENT'!R:R,"289634",'WH+RT CURRENT'!N:N,">179",'WH+RT CURRENT'!N:N,"<366") -> 0 | M99: =SUMIFS('WH+RT CURRENT'!$M$2:$M$15000,'WH+RT CURRENT'!$B$2:$B$15000,"15-15-15",'WH+RT CURRENT'!$R$2:$R$15000,"289634",'WH+RT CURRENT'!$N$2:$N$15000,">179",'WH+RT CURRENT'!$N$2:$N$15000,"<366") -> 3.201 | N99: =SUMIFS('WH+RT CURRENT'!$M$2:$M$15000,'WH+RT CURRENT'!$B$2:$B$15000,"Imp 10-26-26",'WH+RT CURRENT'!$R$2:$R$15000,"289634",'WH+RT CURRENT'!$N$2:$N$15000,">179",'WH+RT CURRENT'!$N$2:$N$15000,"<366") -> 0 | O99: =SUMIFS('WH+RT CURRENT'!$M$2:$M$15000,'WH+RT CURRENT'!$B$2:$B$15000,"MOP",'WH+RT CURRENT'!$R$2:$R$15000,"289634",'WH+RT CURRENT'!$N$2:$N$15000,">179",'WH+RT CURRENT'!$N$2:$N$15000,"<366") -> 0 | P99: =SUMIFS('WH+RT CURRENT'!$M$2:$M$15000,'WH+RT CURRENT'!$B$2:$B$15000,"Imp DAP",'WH+RT CURRENT'!$R$2:$R$15000,"289634",'WH+RT CURRENT'!$N$2:$N$15000,">179",'WH+RT CURRENT'!$N$2:$N$15000,"<366") -> 0 | Q99: =L99+M99+N99+O99 -> 3.201
E100: 366+ | F100: =SUMIFS('WH+RT PREVIOUS'!$M$2:$M$15000,'WH+RT PREVIOUS'!$B$2:$B$15000,"N.C.Urea(45kg)",'WH+RT PREVIOUS'!$R$2:$R$15000,"289634",'WH+RT PREVIOUS'!$N$2:$N$15000,">365") -> 1.425 | G100: =SUMIFS('WH+RT PREVIOUS'!$M$2:$M$15000,'WH+RT PREVIOUS'!$B$2:$B$15000,"15-15-15",'WH+RT PREVIOUS'!$R$2:$R$15000,"289634",'WH+RT PREVIOUS'!$N$2:$N$15000,">365") -> 2.37 | H100: =SUMIFS('WH+RT PREVIOUS'!$M$2:$M$15000,'WH+RT PREVIOUS'!$B$2:$B$15000,"Imp 10-26-26",'WH+RT PREVIOUS'!$R$2:$R$15000,"289634",'WH+RT PREVIOUS'!$N$2:$N$15000,">365") -> 0 | I100: =SUMIFS('WH+RT PREVIOUS'!$M$2:$M$15000,'WH+RT PREVIOUS'!$B$2:$B$15000,"MOP",'WH+RT PREVIOUS'!$R$2:$R$15000,"289634",'WH+RT PREVIOUS'!$N$2:$N$15000,">365") -> 0 | J100: =SUMIFS('WH+RT PREVIOUS'!$M$2:$M$15000,'WH+RT PREVIOUS'!$B$2:$B$15000,"Imp DAP",'WH+RT PREVIOUS'!$R$2:$R$15000,"289634",'WH+RT PREVIOUS'!$N$2:$N$15000,">365") -> 0 | K100: =F100+G100+H100+I100 -> 3.795 | L100: =SUMIFS('WH+RT CURRENT'!$M$2:$M$15000,'WH+RT CURRENT'!$B$2:$B$15000,"N.C.Urea(45kg)",'WH+RT CURRENT'!$R$2:$R$15000,"289634",'WH+RT CURRENT'!$N$2:$N$15000,">365") -> 1.425 | M100: =SUMIFS('WH+RT CURRENT'!$M$2:$M$15000,'WH+RT CURRENT'!$B$2:$B$15000,"15-15-15",'WH+RT CURRENT'!$R$2:$R$15000,"289634",'WH+RT CURRENT'!$N$2:$N$15000,">365") -> 2.17 | N100: =SUMIFS('WH+RT CURRENT'!$M$2:$M$15000,'WH+RT CURRENT'!$B$2:$B$15000,"Imp 10-26-26",'WH+RT CURRENT'!$R$2:$R$15000,"289634",'WH+RT CURRENT'!$N$2:$N$15000,">365") -> 0 | O100: =SUMIFS('WH+RT CURRENT'!$M$2:$M$15000,'WH+RT CURRENT'!$B$2:$B$15000,"MOP",'WH+RT CURRENT'!$R$2:$R$15000,"289634",'WH+RT CURRENT'!$N$2:$N$15000,">365") -> 0 | P100: =SUMIFS('WH+RT CURRENT'!$M$2:$M$15000,'WH+RT CURRENT'!$B$2:$B$15000,"Imp DAP",'WH+RT CURRENT'!$R$2:$R$15000,"289634",'WH+RT CURRENT'!$N$2:$N$15000,">365") -> 0 | Q100: =L100+M100+N100+O100 -> 3.595
E101: GRAND TOTAL | F101: =F99+F100 -> 1.425 | G101: =G99+G100 -> 5.571 | H101: =H99+H100 -> 0 | I101: =I99+I100 -> 0 | J101: =J99+J100 -> 0 | K101: =F101+G101+H101+I101 -> 6.996 | L101: =L99+L100 -> 1.425 | M101: =M99+M100 -> 5.371 | N101: =N99+N100 -> 0 | O101: =O99+O100 -> 0 | P101: =P99+P100 -> 0 | Q101: =L101+M101+N101+O101 -> 6.796
E102: TOTAL STOCK | F102: =SUMIFS('WH+RT PREVIOUS'!$M$2:$M$15000,'WH+RT PREVIOUS'!$B$2:$B$15000,"N.C.Urea(45kg)",'WH+RT PREVIOUS'!$R$2:$R$15000,"289634") -> 88.95 | G102: =SUMIFS('WH+RT PREVIOUS'!$M$2:$M$15000,'WH+RT PREVIOUS'!$B$2:$B$15000,"15-15-15",'WH+RT PREVIOUS'!$R$2:$R$15000,"289634") -> 67.926 | H102: =SUMIFS('WH+RT PREVIOUS'!$M$2:$M$15000,'WH+RT PREVIOUS'!$B$2:$B$15000,"Imp 10-26-26",'WH+RT PREVIOUS'!$R$2:$R$15000,"289634") -> 2.85 | I102: =SUMIFS('WH+RT PREVIOUS'!$M$2:$M$15000,'WH+RT PREVIOUS'!$B$2:$B$15000,"MOP",'WH+RT PREVIOUS'!$R$2:$R$15000,"289634") -> 5.25 | J102: =SUMIFS('WH+RT PREVIOUS'!$M$2:$M$15000,'WH+RT PREVIOUS'!$B$2:$B$15000,"Imp DAP",'WH+RT PREVIOUS'!$R$2:$R$15000,"289634") -> 0 | K102: =F102+G102+H102+I102 -> 164.976 | L102: =SUMIFS('WH+RT CURRENT'!$M$2:$M$15000,'WH+RT CURRENT'!$B$2:$B$15000,"N.C.Urea(45kg)",'WH+RT CURRENT'!$R$2:$R$15000,"289634") -> 84.9 | M102: =SUMIFS('WH+RT CURRENT'!$M$2:$M$15000,'WH+RT CURRENT'!$B$2:$B$15000,"15-15-15",'WH+RT CURRENT'!$R$2:$R$15000,"289634") -> 59.346 | N102: =SUMIFS('WH+RT CURRENT'!$M$2:$M$15000,'WH+RT CURRENT'!$B$2:$B$15000,"Imp 10-26-26",'WH+RT CURRENT'!$R$2:$R$15000,"289634") -> 2.5 | O102: =SUMIFS('WH+RT CURRENT'!$M$2:$M$15000,'WH+RT CURRENT'!$B$2:$B$15000,"MOP",'WH+RT CURRENT'!$R$2:$R$15000,"289634") -> 5.25 | P102: =SUMIFS('WH+RT CURRENT'!$M$2:$M$15000,'WH+RT CURRENT'!$B$2:$B$15000,"Imp DAP",'WH+RT CURRENT'!$R$2:$R$15000,"289634") -> 0 | Q102: =L102+M102+N102+O102 -> 151.996
E105: S D Enterprise
F106: Previous | L106: Current
F107: UREA | G107: S-15 | H107: 10-26-26 | I107: MOP | J107: DAP | K107: TOTAL | L107: UREA | M107: S-15 | N107: 10-26-26 | O107: MOP | P107: DAP | Q107: TOTAL
E108: 181-365 | F108: =SUMIFS('WH+RT PREVIOUS'!$M$2:$M$15000,'WH+RT PREVIOUS'!$B$2:$B$15000,"N.C.Urea(45kg)",'WH+RT PREVIOUS'!$R$2:$R$15000,"289634",'WH+RT PREVIOUS'!$N$2:$N$15000,">179",'WH+RT PREVIOUS'!$N$2:$N$15000,"<366") -> 0 | G108: =SUMIFS('WH+RT PREVIOUS'!$M$2:$M$15000,'WH+RT PREVIOUS'!$B$2:$B$15000,"15-15-15",'WH+RT PREVIOUS'!$R$2:$R$15000,"289634",'WH+RT PREVIOUS'!$N$2:$N$15000,">179",'WH+RT PREVIOUS'!$N$2:$N$15000,"<366") -> 3.201 | H108: =SUMIFS('WH+RT PREVIOUS'!$M$2:$M$15000,'WH+RT PREVIOUS'!$B$2:$B$15000,"Imp 10-26-26",'WH+RT PREVIOUS'!$R$2:$R$15000,"289634",'WH+RT PREVIOUS'!$N$2:$N$15000,">179",'WH+RT PREVIOUS'!$N$2:$N$15000,"<366") -> 0 | I108: =SUMIFS('WH+RT PREVIOUS'!$M$2:$M$15000,'WH+RT PREVIOUS'!$B$2:$B$15000,"MOP",'WH+RT PREVIOUS'!$R$2:$R$15000,"289634",'WH+RT PREVIOUS'!$N$2:$N$15000,">179",'WH+RT PREVIOUS'!$N$2:$N$15000,"<366") -> 0 | J108: =SUMIFS('WH+RT PREVIOUS'!$M$2:$M$15000,'WH+RT PREVIOUS'!$B$2:$B$15000,"Imp DAP",'WH+RT PREVIOUS'!$R$2:$R$15000,"289634",'WH+RT PREVIOUS'!$N$2:$N$15000,">179",'WH+RT PREVIOUS'!$N$2:$N$15000,"<366") -> 0 | K108: =F108+G108+H108+I108 -> 3.201 | L108: =SUM(SUMIFS('WH+RT CURRENT'!$M2:$M$15000,'WH+RT CURRENT'!$B$2:$B$15000,"N.C.Urea(45kg)",'WH+RT CURRENT'!$R$2:$R$15000,{"280832","502354"},'WH+RT CURRENT'!$N$2:$N$15000,">179",'WH+RT CURRENT'!$N$2:$N$15000,"<366")) -> 12.65 | M108: =SUM(SUMIFS('WH+RT CURRENT'!$M2:$M$15000,'WH+RT CURRENT'!$B$2:$B$15000,"15-15-15",'WH+RT CURRENT'!$R$2:$R$15000,{"280832","502354"},'WH+RT CURRENT'!$N$2:$N$15000,">179",'WH+RT CURRENT'!$N$2:$N$15000,"<366")) -> 3.5 | N108: =SUM(SUMIFS('WH+RT CURRENT'!$M2:$M$15000,'WH+RT CURRENT'!$B$2:$B$15000,"Imp 10-26-26",'WH+RT CURRENT'!$R$2:$R$15000,{"280832","502354"},'WH+RT CURRENT'!$N$2:$N$15000,">179",'WH+RT CURRENT'!$N$2:$N$15000,"<366")) -> 0 | O108: =SUM(SUMIFS('WH+RT CURRENT'!$M2:$M$15000,'WH+RT CURRENT'!$B$2:$B$15000,"MOP",'WH+RT CURRENT'!$R$2:$R$15000,{"280832","502354"},'WH+RT CURRENT'!$N$2:$N$15000,">179",'WH+RT CURRENT'!$N$2:$N$15000,"<366")) -> 0 | P108: =SUM(SUMIFS('WH+RT CURRENT'!$M2:$M$15000,'WH+RT CURRENT'!$B$2:$B$15000,"Imp DAP",'WH+RT CURRENT'!$R$2:$R$15000,{"280832","502354"},'WH+RT CURRENT'!$N$2:$N$15000,">179",'WH+RT CURRENT'!$N$2:$N$15000,"<366")) -> 0 | Q108: =L108+M108+N108+O108 -> 16.15
E109: 366+ | F109: =SUMIFS('WH+RT PREVIOUS'!$M$2:$M$15000,'WH+RT PREVIOUS'!$B$2:$B$15000,"N.C.Urea(45kg)",'WH+RT PREVIOUS'!$R$2:$R$15000,"289634",'WH+RT PREVIOUS'!$N$2:$N$15000,">365") -> 1.425 | G109: =SUMIFS('WH+RT PREVIOUS'!$M$2:$M$15000,'WH+RT PREVIOUS'!$B$2:$B$15000,"15-15-15",'WH+RT PREVIOUS'!$R$2:$R$15000,"289634",'WH+RT PREVIOUS'!$N$2:$N$15000,">365") -> 2.37 | H109: =SUMIFS('WH+RT PREVIOUS'!$M$2:$M$15000,'WH+RT PREVIOUS'!$B$2:$B$15000,"Imp 10-26-26",'WH+RT PREVIOUS'!$R$2:$R$15000,"289634",'WH+RT PREVIOUS'!$N$2:$N$15000,">365") -> 0 | I109: =SUMIFS('WH+RT PREVIOUS'!$M$2:$M$15000,'WH+RT PREVIOUS'!$B$2:$B$15000,"MOP",'WH+RT PREVIOUS'!$R$2:$R$15000,"289634",'WH+RT PREVIOUS'!$N$2:$N$15000,">365") -> 0 | J109: =SUMIFS('WH+RT PREVIOUS'!$M$2:$M$15000,'WH+RT PREVIOUS'!$B$2:$B$15000,"Imp DAP",'WH+RT PREVIOUS'!$R$2:$R$15000,"289634",'WH+RT PREVIOUS'!$N$2:$N$15000,">365") -> 0 | K109: =F109+G109+H109+I109 -> 3.795 | L109: =SUM(SUMIFS('WH+RT CURRENT'!$M2:$M$15000,'WH+RT CURRENT'!$B$2:$B$15000,"N.C.Urea(45kg)",'WH+RT CURRENT'!$R$2:$R$15000,{"280832","502354"},'WH+RT CURRENT'!$N$2:$N$15000,">365")) -> 0 | M109: =SUM(SUMIFS('WH+RT CURRENT'!$M2:$M$15000,'WH+RT CURRENT'!$B$2:$B$15000,"15-15-15",'WH+RT CURRENT'!$R$2:$R$15000,{"280832","502354"},'WH+RT CURRENT'!$N$2:$N$15000,">365")) -> 0 | N109: =SUM(SUMIFS('WH+RT CURRENT'!$M2:$M$15000,'WH+RT CURRENT'!$B$2:$B$15000,"Imp 10-26-26",'WH+RT CURRENT'!$R$2:$R$15000,{"280832","502354"},'WH+RT CURRENT'!$N$2:$N$15000,">365")) -> 0 | O109: =SUM(SUMIFS('WH+RT CURRENT'!$M2:$M$15000,'WH+RT CURRENT'!$B$2:$B$15000,"MOP",'WH+RT CURRENT'!$R$2:$R$15000,{"280832","502354"},'WH+RT CURRENT'!$N$2:$N$15000,">365")) -> 0 | P109: =SUM(SUMIFS('WH+RT CURRENT'!$M2:$M$15000,'WH+RT CURRENT'!$B$2:$B$15000,"Imp DAP",'WH+RT CURRENT'!$R$2:$R$15000,{"280832","502354"},'WH+RT CURRENT'!$N$2:$N$15000,">365")) -> 0 | Q109: =L109+M109+N109+O109 -> 0
E110: GRAND TOTAL | F110: =F108+F109 -> 1.425 | G110: =G108+G109 -> 5.571 | H110: =H108+H109 -> 0 | I110: =I108+I109 -> 0 | J110: =J108+J109 -> 0 | K110: =F110+G110+H110+I110 -> 6.996 | L110: =L108+L109 -> 12.65 | M110: =M108+M109 -> 3.5 | N110: =N108+N109 -> 0 | O110: =O108+O109 -> 0 | P110: =P108+P109 -> 0 | Q110: =L110+M110+N110+O110 -> 16.15
E111: TOTAL STOCK | F111: =SUMIFS('WH+RT PREVIOUS'!$M$2:$M$15000,'WH+RT PREVIOUS'!$B$2:$B$15000,"N.C.Urea(45kg)",'WH+RT PREVIOUS'!$R$2:$R$15000,"289634") -> 88.95 | G111: =SUMIFS('WH+RT PREVIOUS'!$M$2:$M$15000,'WH+RT PREVIOUS'!$B$2:$B$15000,"15-15-15",'WH+RT PREVIOUS'!$R$2:$R$15000,"289634") -> 67.926 | H111: =SUMIFS('WH+RT PREVIOUS'!$M$2:$M$15000,'WH+RT PREVIOUS'!$B$2:$B$15000,"Imp 10-26-26",'WH+RT PREVIOUS'!$R$2:$R$15000,"289634") -> 2.85 | I111: =SUMIFS('WH+RT PREVIOUS'!$M$2:$M$15000,'WH+RT PREVIOUS'!$B$2:$B$15000,"MOP",'WH+RT PREVIOUS'!$R$2:$R$15000,"289634") -> 5.25 | J111: =SUMIFS('WH+RT PREVIOUS'!$M$2:$M$15000,'WH+RT PREVIOUS'!$B$2:$B$15000,"Imp DAP",'WH+RT PREVIOUS'!$R$2:$R$15000,"289634") -> 0 | K111: =F111+G111+H111+I111 -> 164.976 | L111: =SUM(SUMIFS('WH+RT CURRENT'!$M2:$M$15000,'WH+RT CURRENT'!$B$2:$B$15000,"N.C.Urea(45kg)",'WH+RT CURRENT'!$R$2:$R$15000,{"280832","502354"})) -> 30.722 | M111: =SUM(SUMIFS('WH+RT CURRENT'!$M2:$M$15000,'WH+RT CURRENT'!$B$2:$B$15000,"15-15-15",'WH+RT CURRENT'!$R$2:$R$15000,{"280832","502354"})) -> 13.9 | N111: =SUM(SUMIFS('WH+RT CURRENT'!$M2:$M$15000,'WH+RT CURRENT'!$B$2:$B$15000,"Imp 10-26-26",'WH+RT CURRENT'!$R$2:$R$15000,{"280832","502354"})) -> 0 | O111: =SUM(SUMIFS('WH+RT CURRENT'!$M2:$M$15000,'WH+RT CURRENT'!$B$2:$B$15000,"MOP",'WH+RT CURRENT'!$R$2:$R$15000,{"280832","502354"})) -> 11 | P111: =SUM(SUMIFS('WH+RT CURRENT'!$M2:$M$15000,'WH+RT CURRENT'!$B$2:$B$15000,"Imp DAP",'WH+RT CURRENT'!$R$2:$R$15000,{"280832","502354"})) -> 0 | Q111: =L111+M111+N111+O111 -> 55.622

Sheet S24
E1: SOUTH 24 PARGANAS | R1: Total | S1: 9
E6: Hasya Badhan Makhal
F7: Previous | L7: Current
F8: UREA | G8: S-15 | H8: 10-26-26 | I8: MOP | J8: DAP | K8: TOTAL | L8: UREA | M8: S-15 | N8: 10-26-26 | O8: MOP | P8: DAP | Q8: TOTAL
E9: 181-365 | F9: =SUMIFS('WH+RT PREVIOUS'!$M$2:$M$15000,'WH+RT PREVIOUS'!$B$2:$B$15000,"N.C.Urea(45kg)",'WH+RT PREVIOUS'!$S$2:$S$15000,"Hasya Badhan Makhal",'WH+RT PREVIOUS'!$N$2:$N$15000,">179",'WH+RT PREVIOUS'!$N$2:$N$15000,"<366") -> 3.33 | G9: =SUMIFS('WH+RT PREVIOUS'!$M$2:$M$15000,'WH+RT PREVIOUS'!$B$2:$B$15000,"15-15-15",'WH+RT PREVIOUS'!$S$2:$S$15000,"Hasya Badhan Makhal",'WH+RT PREVIOUS'!$N$2:$N$15000,">179",'WH+RT PREVIOUS'!$N$2:$N$15000,"<366") -> 0 | H9: =SUMIFS('WH+RT PREVIOUS'!$M$2:$M$15000,'WH+RT PREVIOUS'!$B$2:$B$15000,"Imp 10-26-26",'WH+RT PREVIOUS'!$S$2:$S$15000,"Hasya Badhan Makhal",'WH+RT PREVIOUS'!$N$2:$N$15000,">179",'WH+RT PREVIOUS'!$N$2:$N$15000,"<366") -> 0 | I9: =SUMIFS('WH+RT PREVIOUS'!$M$2:$M$15000,'WH+RT PREVIOUS'!$B$2:$B$15000,"MOP",'WH+RT PREVIOUS'!$S$2:$S$15000,"Hasya Badhan Makhal",'WH+RT PREVIOUS'!$N$2:$N$15000,">179",'WH+RT PREVIOUS'!$N$2:$N$15000,"<366") -> 0.4 | J9: =SUMIFS('WH+RT PREVIOUS'!$M$2:$M$15000,'WH+RT PREVIOUS'!$B$2:$B$15000,"Imp DAP",'WH+RT PREVIOUS'!$S$2:$S$15000,"Hasya Badhan Makhal",'WH+RT PREVIOUS'!$N$2:$N$15000,">179",'WH+RT PREVIOUS'!$N$2:$N$15000,"<366") -> 0 | K9: =F9+G9+H9+I9+J9 -> 3.73 | L9: =SUMIFS('WH+RT CURRENT'!$M$2:$M$15000,'WH+RT CURRENT'!$B$2:$B$15000,"N.C.Urea(45kg)",'WH+RT CURRENT'!$S$2:$S$15000,"Hasya Badhan Makhal",'WH+RT CURRENT'!$N$2:$N$15000,">179",'WH+RT CURRENT'!$N$2:$N$15000,"<366") -> 3.33 | M9: =SUMIFS('WH+RT CURRENT'!$M$2:$M$15000,'WH+RT CURRENT'!$B$2:$B$15000,"15-15-15",'WH+RT CURRENT'!$S$2:$S$15000,"Hasya Badhan Makhal",'WH+RT CURRENT'!$N$2:$N$15000,">179",'WH+RT CURRENT'!$N$2:$N$15000,"<366") -> 0 | N9: =SUMIFS('WH+RT CURRENT'!$M$2:$M$15000,'WH+RT CURRENT'!$B$2:$B$15000,"Imp 10-26-26",'WH+RT CURRENT'!$S$2:$S$15000,"Hasya Badhan Makhal",'WH+RT CURRENT'!$N$2:$N$15000,">179",'WH+RT CURRENT'!$N$2:$N$15000,"<366") -> 0 | O9: =SUMIFS('WH+RT CURRENT'!$M$2:$M$15000,'WH+RT CURRENT'!$B$2:$B$15000,"MOP",'WH+RT CURRENT'!$S$2:$S$15000,"Hasya Badhan Makhal",'WH+RT CURRENT'!$N$2:$N$15000,">179",'WH+RT CURRENT'!$N$2:$N$15000,"<366") -> 0.4 | P9: =SUMIFS('WH+RT CURRENT'!$M$2:$M$15000,'WH+RT CURRENT'!$B$2:$B$15000,"Imp DAP",'WH+RT CURRENT'!$S$2:$S$15000,"Hasya Badhan Makhal",'WH+RT CURRENT'!$N$2:$N$15000,">179",'WH+RT CURRENT'!$N$2:$N$15000,"<366") -> 0 | Q9: =L9+M9+N9+O9+P9 -> 3.73
E10: 366+ | F10: =SUMIFS('WH+RT PREVIOUS'!$M$2:$M$15000,'WH+RT PREVIOUS'!$B$2:$B$15000,"N.C.Urea(45kg)",'WH+RT PREVIOUS'!$S$2:$S$15000,"Hasya Badhan Makhal",'WH+RT PREVIOUS'!$N$2:$N$15000,">365") -> 5.305 | G10: =SUMIFS('WH+RT PREVIOUS'!$M$2:$M$15000,'WH+RT PREVIOUS'!$B$2:$B$15000,"15-15-15",'WH+RT PREVIOUS'!$S$2:$S$15000,"Hasya Badhan Makhal",'WH+RT PREVIOUS'!$N$2:$N$15000,">365") -> 4.234 | H10: =SUMIFS('WH+RT PREVIOUS'!$M$2:$M$15000,'WH+RT PREVIOUS'!$B$2:$B$15000,"Imp 10-26-26",'WH+RT PREVIOUS'!$S$2:$S$15000,"Hasya Badhan Makhal",'WH+RT PREVIOUS'!$N$2:$N$15000,">365") -> 0 | I10: =SUMIFS('WH+RT PREVIOUS'!$M$2:$M$15000,'WH+RT PREVIOUS'!$B$2:$B$15000,"MOP",'WH+RT PREVIOUS'!$S$2:$S$15000,"Hasya Badhan Makhal",'WH+RT PREVIOUS'!$N$2:$N$15000,">365") -> 0 | J10: =SUMIFS('WH+RT PREVIOUS'!$M$2:$M$15000,'WH+RT PREVIOUS'!$B$2:$B$15000,"Imp DAP",'WH+RT PREVIOUS'!$S$2:$S$15000,"Hasya Badhan Makhal",'WH+RT PREVIOUS'!$N$2:$N$15000,">365") -> 0.15 | K10: =F10+G10+H10+I10+J10 -> 9.689 | L10: =SUMIFS('WH+RT CURRENT'!$M$2:$M$15000,'WH+RT CURRENT'!$B$2:$B$15000,"N.C.Urea(45kg)",'WH+RT CURRENT'!$S$2:$S$15000,"Hasya Badhan Makhal",'WH+RT CURRENT'!$N$2:$N$15000,">365") -> 5.305 | M10: =SUMIFS('WH+RT CURRENT'!$M$2:$M$15000,'WH+RT CURRENT'!$B$2:$B$15000,"15-15-15",'WH+RT CURRENT'!$S$2:$S$15000,"Hasya Badhan Makhal",'WH+RT CURRENT'!$N$2:$N$15000,">365") -> 4.234 | N10: =SUMIFS('WH+RT CURRENT'!$M$2:$M$15000,'WH+RT CURRENT'!$B$2:$B$15000,"Imp 10-26-26",'WH+RT CURRENT'!$S$2:$S$15000,"Hasya Badhan Makhal",'WH+RT CURRENT'!$N$2:$N$15000,">365") -> 0 | O10: =SUMIFS('WH+RT CURRENT'!$M$2:$M$15000,'WH+RT CURRENT'!$B$2:$B$15000,"MOP",'WH+RT CURRENT'!$S$2:$S$15000,"Hasya Badhan Makhal",'WH+RT CURRENT'!$N$2:$N$15000,">365") -> 0 | P10: =SUMIFS('WH+RT CURRENT'!$M$2:$M$15000,'WH+RT CURRENT'!$B$2:$B$15000,"Imp DAP",'WH+RT CURRENT'!$S$2:$S$15000,"Hasya Badhan Makhal",'WH+RT CURRENT'!$N$2:$N$15000,">365") -> 0.15 | Q10: =L10+M10+N10+O10+P10 -> 9.689
E11: GRAND TOTAL | F11: =F9+F10 -> 8.635 | G11: =G9+G10 -> 4.234 | H11: =H9+H10 -> 0 | I11: =I9+I10 -> 0.4 | J11: =J9+J10 -> 0.15 | K11: =F11+G11+H11+I11+J11 -> 13.419 | L11: =L9+L10 -> 8.635 | M11: =M9+M10 -> 4.234 | N11: =N9+N10 -> 0 | O11: =O9+O10 -> 0.4 | P11: =P9+P10 -> 0.15 | Q11: =L11+M11+N11+O11+P11 -> 13.419
E12: TOTAL STOCK | F12: =SUMIFS('WH+RT PREVIOUS'!$M$2:$M$15000,'WH+RT PREVIOUS'!$B$2:$B$15000,"N.C.Urea(45kg)",'WH+RT PREVIOUS'!$S$2:$S$15000,"Hasya Badhan Makhal") -> 62.998 | G12: =SUMIFS('WH+RT PREVIOUS'!$M$2:$M$15000,'WH+RT PREVIOUS'!$B$2:$B$15000,"15-15-15",'WH+RT PREVIOUS'!$S$2:$S$15000,"Hasya Badhan Makhal") -> 14.634 | H12: =SUMIFS('WH+RT PREVIOUS'!$M$2:$M$15000,'WH+RT PREVIOUS'!$B$2:$B$15000,"Imp 10-26-26",'WH+RT PREVIOUS'!$S$2:$S$15000,"Hasya Badhan Makhal") -> 5.2 | I12: =SUMIFS('WH+RT PREVIOUS'!$M$2:$M$15000,'WH+RT PREVIOUS'!$B$2:$B$15000,"MOP",'WH+RT PREVIOUS'!$S$2:$S$15000,"Hasya Badhan Makhal") -> 12.15 | J12: =SUMIFS('WH+RT PREVIOUS'!$M$2:$M$15000,'WH+RT PREVIOUS'!$B$2:$B$15000,"Imp DAP",'WH+RT PREVIOUS'!$S$2:$S$15000,"Hasya Badhan Makhal") -> 0.15 | K12: =F12+G12+H12+I12+J12 -> 95.132 | L12: =SUMIFS('WH+RT CURRENT'!$M$2:$M$15000,'WH+RT CURRENT'!$B$2:$B$15000,"N.C.Urea(45kg)",'WH+RT CURRENT'!$S$2:$S$15000,"Hasya Badhan Makhal") -> 62.998 | M12: =SUMIFS('WH+RT CURRENT'!$M$2:$M$15000,'WH+RT CURRENT'!$B$2:$B$15000,"15-15-15",'WH+RT CURRENT'!$S$2:$S$15000,"Hasya Badhan Makhal") -> 20.184 | N12: =SUMIFS('WH+RT CURRENT'!$M$2:$M$15000,'WH+RT CURRENT'!$B$2:$B$15000,"Imp 10-26-26",'WH+RT CURRENT'!$S$2:$S$15000,"Hasya Badhan Makhal") -> 4.7 | O12: =SUMIFS('WH+RT CURRENT'!$M$2:$M$15000,'WH+RT CURRENT'!$B$2:$B$15000,"MOP",'WH+RT CURRENT'!$S$2:$S$15000,"Hasya Badhan Makhal") -> 11.6 | P12: =SUMIFS('WH+RT CURRENT'!$M$2:$M$15000,'WH+RT CURRENT'!$B$2:$B$15000,"Imp DAP",'WH+RT CURRENT'!$S$2:$S$15000,"Hasya Badhan Makhal") -> 0.15 | Q12: =L12+M12+N12+O12+P12 -> 99.632
E15: Kirtibas Kapat (A.S.C.)
F16: Previous | L16: Current
F17: UREA | G17: S-15 | H17: 10-26-26 | I17: MOP | J17: DAP | K17: TOTAL | L17: UREA | M17: S-15 | N17: 10-26-26 | O17: MOP | P17: DAP | Q17: TOTAL
E18: 181-365 | F18: =SUMIFS('WH+RT PREVIOUS'!$M$2:$M$15000,'WH+RT PREVIOUS'!$B$2:$B$15000,"N.C.Urea(45kg)",'WH+RT PREVIOUS'!$S$2:$S$15000,"Kirtibas Kapat (A.S.C.)",'WH+RT PREVIOUS'!$N$2:$N$15000,">179",'WH+RT PREVIOUS'!$N$2:$N$15000,"<366") -> 8.636 | G18: =SUMIFS('WH+RT PREVIOUS'!$M$2:$M$15000,'WH+RT PREVIOUS'!$B$2:$B$15000,"15-15-15",'WH+RT PREVIOUS'!$S$2:$S$15000,"Kirtibas Kapat (A.S.C.)",'WH+RT PREVIOUS'!$N$2:$N$15000,">179",'WH+RT PREVIOUS'!$N$2:$N$15000,"<366") -> 0.52 | H18: =SUMIFS('WH+RT PREVIOUS'!$M$2:$M$15000,'WH+RT PREVIOUS'!$B$2:$B$15000,"Imp 10-26-26",'WH+RT PREVIOUS'!$S$2:$S$15000,"Kirtibas Kapat (A.S.C.)",'WH+RT PREVIOUS'!$N$2:$N$15000,">179",'WH+RT PREVIOUS'!$N$2:$N$15000,"<366") -> 0 | I18: =SUMIFS('WH+RT PREVIOUS'!$M$2:$M$15000,'WH+RT PREVIOUS'!$B$2:$B$15000,"MOP",'WH+RT PREVIOUS'!$S$2:$S$15000,"Kirtibas Kapat (A.S.C.)",'WH+RT PREVIOUS'!$N$2:$N$15000,">179",'WH+RT PREVIOUS'!$N$2:$N$15000,"<366") -> 0.25 | J18: =SUMIFS('WH+RT PREVIOUS'!$M$2:$M$15000,'WH+RT PREVIOUS'!$B$2:$B$15000,"Imp DAP",'WH+RT PREVIOUS'!$S$2:$S$15000,"Kirtibas Kapat (A.S.C.)",'WH+RT PREVIOUS'!$N$2:$N$15000,">179",'WH+RT PREVIOUS'!$N$2:$N$15000,"<366") -> 0 | K18: =F18+G18+H18+I18+J18 -> 9.406 | L18: =SUMIFS('WH+RT CURRENT'!$M$2:$M$15000,'WH+RT CURRENT'!$B$2:$B$15000,"N.C.Urea(45kg)",'WH+RT CURRENT'!$S$2:$S$15000,"Kirtibas Kapat (A.S.C.)",'WH+RT CURRENT'!$N$2:$N$15000,">179",'WH+RT CURRENT'!$N$2:$N$15000,"<366") -> 8.636 | M18: =SUMIFS('WH+RT CURRENT'!$M$2:$M$15000,'WH+RT CURRENT'!$B$2:$B$15000,"15-15-15",'WH+RT CURRENT'!$S$2:$S$15000,"Kirtibas Kapat (A.S.C.)",'WH+RT CURRENT'!$N$2:$N$15000,">179",'WH+RT CURRENT'!$N$2:$N$15000,"<366") -> 0.52 | N18: =SUMIFS('WH+RT CURRENT'!$M$2:$M$15000,'WH+RT CURRENT'!$B$2:$B$15000,"Imp 10-26-26",'WH+RT CURRENT'!$S$2:$S$15000,"Kirtibas Kapat (A.S.C.)",'WH+RT CURRENT'!$N$2:$N$15000,">179",'WH+RT CURRENT'!$N$2:$N$15000,"<366") -> 0 | O18: =SUMIFS('WH+RT CURRENT'!$M$2:$M$15000,'WH+RT CURRENT'!$B$2:$B$15000,"MOP",'WH+RT CURRENT'!$S$2:$S$15000,"Kirtibas Kapat (A.S.C.)",'WH+RT CURRENT'!$N$2:$N$15000,">179",'WH+RT CURRENT'!$N$2:$N$15000,"<366") -> 0.25 | P18: =SUMIFS('WH+RT CURRENT'!$M$2:$M$15000,'WH+RT CURRENT'!$B$2:$B$15000,"Imp DAP",'WH+RT CURRENT'!$S$2:$S$15000,"Kirtibas Kapat (A.S.C.)",'WH+RT CURRENT'!$N$2:$N$15000,">179",'WH+RT CURRENT'!$N$2:$N$15000,"<366") -> 0 | Q18: =L18+M18+N18+O18+P18 -> 9.406
E19: 366+ | F19: =SUMIFS('WH+RT PREVIOUS'!$M$2:$M$15000,'WH+RT PREVIOUS'!$B$2:$B$15000,"N.C.Urea(45kg)",'WH+RT PREVIOUS'!$S$2:$S$15000,"Kirtibas Kapat (A.S.C.)",'WH+RT PREVIOUS'!$N$2:$N$15000,">365") -> 8.92 | G19: =SUMIFS('WH+RT PREVIOUS'!$M$2:$M$15000,'WH+RT PREVIOUS'!$B$2:$B$15000,"15-15-15",'WH+RT PREVIOUS'!$S$2:$S$15000,"Kirtibas Kapat (A.S.C.)",'WH+RT PREVIOUS'!$N$2:$N$15000,">365") -> 4.464 | H19: =SUMIFS('WH+RT PREVIOUS'!$M$2:$M$15000,'WH+RT PREVIOUS'!$B$2:$B$15000,"Imp 10-26-26",'WH+RT PREVIOUS'!$S$2:$S$15000,"Kirtibas Kapat (A.S.C.)",'WH+RT PREVIOUS'!$N$2:$N$15000,">365") -> 0 | I19: =SUMIFS('WH+RT PREVIOUS'!$M$2:$M$15000,'WH+RT PREVIOUS'!$B$2:$B$15000,"MOP",'WH+RT PREVIOUS'!$S$2:$S$15000,"Kirtibas Kapat (A.S.C.)",'WH+RT PREVIOUS'!$N$2:$N$15000,">365") -> 1 | J19: =SUMIFS('WH+RT PREVIOUS'!$M$2:$M$15000,'WH+RT PREVIOUS'!$B$2:$B$15000,"Imp DAP",'WH+RT PREVIOUS'!$S$2:$S$15000,"Kirtibas Kapat (A.S.C.)",'WH+RT PREVIOUS'!$N$2:$N$15000,">365") -> 0 | K19: =F19+G19+H19+I19+J19 -> 14.384 | L19: =SUMIFS('WH+RT CURRENT'!$M$2:$M$15000,'WH+RT CURRENT'!$B$2:$B$15000,"N.C.Urea(45kg)",'WH+RT CURRENT'!$S$2:$S$15000,"Kirtibas Kapat (A.S.C.)",'WH+RT CURRENT'!$N$2:$N$15000,">365") -> 8.92 | M19: =SUMIFS('WH+RT CURRENT'!$M$2:$M$15000,'WH+RT CURRENT'!$B$2:$B$15000,"15-15-15",'WH+RT CURRENT'!$S$2:$S$15000,"Kirtibas Kapat (A.S.C.)",'WH+RT CURRENT'!$N$2:$N$15000,">365") -> 4.464 | N19: =SUMIFS('WH+RT CURRENT'!$M$2:$M$15000,'WH+RT CURRENT'!$B$2:$B$15000,"Imp 10-26-26",'WH+RT CURRENT'!$S$2:$S$15000,"Kirtibas Kapat (A.S.C.)",'WH+RT CURRENT'!$N$2:$N$15000,">365") -> 0 | O19: =SUMIFS('WH+RT CURRENT'!$M$2:$M$15000,'WH+RT CURRENT'!$B$2:$B$15000,"MOP",'WH+RT CURRENT'!$S$2:$S$15000,"Kirtibas Kapat (A.S.C.)",'WH+RT CURRENT'!$N$2:$N$15000,">365") -> 1 | P19: =SUMIFS('WH+RT CURRENT'!$M$2:$M$15000,'WH+RT CURRENT'!$B$2:$B$15000,"Imp DAP",'WH+RT CURRENT'!$S$2:$S$15000,"Kirtibas Kapat (A.S.C.)",'WH+RT CURRENT'!$N$2:$N$15000,">365") -> 0 | Q19: =L19+M19+N19+O19+P19 -> 14.384
E20: GRAND TOTAL | F20: =F18+F19 -> 17.556 | G20: =G18+G19 -> 4.984 | H20: =H18+H19 -> 0 | I20: =I18+I19 -> 1.25 | J20: =J18+J19 -> 0 | K20: =F20+G20+H20+I20+J20 -> 23.79 | L20: =L18+L19 -> 17.556 | M20: =M18+M19 -> 4.984 | N20: =N18+N19 -> 0 | O20: =O18+O19 -> 1.25 | P20: =P18+P19 -> 0 | Q20: =L20+M20+N20+O20+P20 -> 23.79
E21: TOTAL STOCK | F21: =SUMIFS('WH+RT PREVIOUS'!$M$2:$M$15000,'WH+RT PREVIOUS'!$B$2:$B$15000,"N.C.Urea(45kg)",'WH+RT PREVIOUS'!$S$2:$S$15000,"Kirtibas Kapat (A.S.C.)") -> 116.331 | G21: =SUMIFS('WH+RT PREVIOUS'!$M$2:$M$15000,'WH+RT PREVIOUS'!$B$2:$B$15000,"15-15-15",'WH+RT PREVIOUS'!$S$2:$S$15000,"Kirtibas Kapat (A.S.C.)") -> 40.529 | H21: =SUMIFS('WH+RT PREVIOUS'!$M$2:$M$15000,'WH+RT PREVIOUS'!$B$2:$B$15000,"Imp 10-26-26",'WH+RT PREVIOUS'!$S$2:$S$15000,"Kirtibas Kapat (A.S.C.)") -> 13.18 | I21: =SUMIFS('WH+RT PREVIOUS'!$M$2:$M$15000,'WH+RT PREVIOUS'!$B$2:$B$15000,"MOP",'WH+RT PREVIOUS'!$S$2:$S$15000,"Kirtibas Kapat (A.S.C.)") -> 15 | J21: =SUMIFS('WH+RT PREVIOUS'!$M$2:$M$15000,'WH+RT PREVIOUS'!$B$2:$B$15000,"Imp DAP",'WH+RT PREVIOUS'!$S$2:$S$15000,"Kirtibas Kapat (A.S.C.)") -> 0 | K21: =F21+G21+H21+I21+J21 -> 185.04 | L21: =SUMIFS('WH+RT CURRENT'!$M$2:$M$15000,'WH+RT CURRENT'!$B$2:$B$15000,"N.C.Urea(45kg)",'WH+RT CURRENT'!$S$2:$S$15000,"Kirtibas Kapat (A.S.C.)") -> 113.586 | M21: =SUMIFS('WH+RT CURRENT'!$M$2:$M$15000,'WH+RT CURRENT'!$B$2:$B$15000,"15-15-15",'WH+RT CURRENT'!$S$2:$S$15000,"Kirtibas Kapat (A.S.C.)") -> 48.629 | N21: =SUMIFS('WH+RT CURRENT'!$M$2:$M$15000,'WH+RT CURRENT'!$B$2:$B$15000,"Imp 10-26-26",'WH+RT CURRENT'!$S$2:$S$15000,"Kirtibas Kapat (A.S.C.)") -> 17.48 | O21: =SUMIFS('WH+RT CURRENT'!$M$2:$M$15000,'WH+RT CURRENT'!$B$2:$B$15000,"MOP",'WH+RT CURRENT'!$S$2:$S$15000,"Kirtibas Kapat (A.S.C.)") -> 12.9 | P21: =SUMIFS('WH+RT CURRENT'!$M$2:$M$15000,'WH+RT CURRENT'!$B$2:$B$15000,"Imp DAP",'WH+RT CURRENT'!$S$2:$S$15000,"Kirtibas Kapat (A.S.C.)") -> 0 | Q21: =L21+M21+N21+O21+P21 -> 192.595
E24: M/S TAPAN KUMAR KARMAKAR
F25: Previous | L25: Current
F26: UREA | G26: S-15 | H26: 10-26-26 | I26: MOP | J26: DAP | K26: TOTAL | L26: UREA | M26: S-15 | N26: 10-26-26 | O26: MOP | P26: DAP | Q26: TOTAL
E27: 181-365 | F27: =SUMIFS('WH+RT PREVIOUS'!$M$2:$M$15000,'WH+RT PREVIOUS'!$B$2:$B$15000,"N.C.Urea(45kg)",'WH+RT PREVIOUS'!$S$2:$S$15000,"M/S TAPAN KUMAR KARMAKAR",'WH+RT PREVIOUS'!$N$2:$N$15000,">179",'WH+RT PREVIOUS'!$N$2:$N$15000,"<366") -> 16.83 | G27: =SUMIFS('WH+RT PREVIOUS'!$M$2:$M$15000,'WH+RT PREVIOUS'!$B$2:$B$15000,"15-15-15",'WH+RT PREVIOUS'!$S$2:$S$15000,"M/S TAPAN KUMAR KARMAKAR",'WH+RT PREVIOUS'!$N$2:$N$15000,">179",'WH+RT PREVIOUS'!$N$2:$N$15000,"<366") -> 12.923 | H27: =SUMIFS('WH+RT PREVIOUS'!$M$2:$M$15000,'WH+RT PREVIOUS'!$B$2:$B$15000,"Imp 10-26-26",'WH+RT PREVIOUS'!$S$2:$S$15000,"M/S TAPAN KUMAR KARMAKAR",'WH+RT PREVIOUS'!$N$2:$N$15000,">179",'WH+RT PREVIOUS'!$N$2:$N$15000,"<366") -> 0 | I27: =SUMIFS('WH+RT PREVIOUS'!$M$2:$M$15000,'WH+RT PREVIOUS'!$B$2:$B$15000,"MOP",'WH+RT PREVIOUS'!$S$2:$S$15000,"M/S TAPAN KUMAR KARMAKAR",'WH+RT PREVIOUS'!$N$2:$N$15000,">179",'WH+RT PREVIOUS'!$N$2:$N$15000,"<366") -> 0 | J27: =SUMIFS('WH+RT PREVIOUS'!$M$2:$M$15000,'WH+RT PREVIOUS'!$B$2:$B$15000,"Imp DAP",'WH+RT PREVIOUS'!$S$2:$S$15000,"M/S TAPAN KUMAR KARMAKAR",'WH+RT PREVIOUS'!$N$2:$N$15000,">179",'WH+RT PREVIOUS'!$N$2:$N$15000,"<366") -> 0 | K27: =F27+G27+H27+I27+J27 -> 29.753 | L27: =SUMIFS('WH+RT CURRENT'!$M$2:$M$15000,'WH+RT CURRENT'!$B$2:$B$15000,"N.C.Urea(45kg)",'WH+RT CURRENT'!$S$2:$S$15000,"M/S TAPAN KUMAR KARMAKAR",'WH+RT CURRENT'!$N$2:$N$15000,">179",'WH+RT CURRENT'!$N$2:$N$15000,"<366") -> 16.695 | M27: =SUMIFS('WH+RT CURRENT'!$M$2:$M$15000,'WH+RT CURRENT'!$B$2:$B$15000,"15-15-15",'WH+RT CURRENT'!$S$2:$S$15000,"M/S TAPAN KUMAR KARMAKAR",'WH+RT CURRENT'!$N$2:$N$15000,">179",'WH+RT CURRENT'!$N$2:$N$15000,"<366") -> 12.423 | N27: =SUMIFS('WH+RT CURRENT'!$M$2:$M$15000,'WH+RT CURRENT'!$B$2:$B$15000,"Imp 10-26-26",'WH+RT CURRENT'!$S$2:$S$15000,"M/S TAPAN KUMAR KARMAKAR",'WH+RT CURRENT'!$N$2:$N$15000,">179",'WH+RT CURRENT'!$N$2:$N$15000,"<366") -> 0 | O27: =SUMIFS('WH+RT CURRENT'!$M$2:$M$15000,'WH+RT CURRENT'!$B$2:$B$15000,"MOP",'WH+RT CURRENT'!$S$2:$S$15000,"M/S TAPAN KUMAR KARMAKAR",'WH+RT CURRENT'!$N$2:$N$15000,">179",'WH+RT CURRENT'!$N$2:$N$15000,"<366") -> 0 | P27: =SUMIFS('WH+RT CURRENT'!$M$2:$M$15000,'WH+RT CURRENT'!$B$2:$B$15000,"Imp DAP",'WH+RT CURRENT'!$S$2:$S$15000,"M/S TAPAN KUMAR KARMAKAR",'WH+RT CURRENT'!$N$2:$N$15000,">179",'WH+RT CURRENT'!$N$2:$N$15000,"<366") -> 0 | Q27: =L27+M27+N27+O27+P27 -> 29.118
E28: 366+ | F28: =SUMIFS('WH+RT PREVIOUS'!$M$2:$M$15000,'WH+RT PREVIOUS'!$B$2:$B$15000,"N.C.Urea(45kg)",'WH+RT PREVIOUS'!$S$2:$S$15000,"M/S TAPAN KUMAR KARMAKAR",'WH+RT PREVIOUS'!$N$2:$N$15000,">365") -> 6.795 | G28: =SUMIFS('WH+RT PREVIOUS'!$M$2:$M$15000,'WH+RT PREVIOUS'!$B$2:$B$15000,"15-15-15",'WH+RT PREVIOUS'!$S$2:$S$15000,"M/S TAPAN KUMAR KARMAKAR",'WH+RT PREVIOUS'!$N$2:$N$15000,">365") -> 1 | H28: =SUMIFS('WH+RT PREVIOUS'!$M$2:$M$15000,'WH+RT PREVIOUS'!$B$2:$B$15000,"Imp 10-26-26",'WH+RT PREVIOUS'!$S$2:$S$15000,"M/S TAPAN KUMAR KARMAKAR",'WH+RT PREVIOUS'!$N$2:$N$15000,">365") -> 0 | I28: =SUMIFS('WH+RT PREVIOUS'!$M$2:$M$15000,'WH+RT PREVIOUS'!$B$2:$B$15000,"MOP",'WH+RT PREVIOUS'!$S$2:$S$15000,"M/S TAPAN KUMAR KARMAKAR",'WH+RT PREVIOUS'!$N$2:$N$15000,">365") -> 0 | J28: =SUMIFS('WH+RT PREVIOUS'!$M$2:$M$15000,'WH+RT PREVIOUS'!$B$2:$B$15000,"Imp DAP",'WH+RT PREVIOUS'!$S$2:$S$15000,"M/S TAPAN KUMAR KARMAKAR",'WH+RT PREVIOUS'!$N$2:$N$15000,">365") -> 0 | K28: =F28+G28+H28+I28+J28 -> 7.795 | L28: =SUMIFS('WH+RT CURRENT'!$M$2:$M$15000,'WH+RT CURRENT'!$B$2:$B$15000,"N.C.Urea(45kg)",'WH+RT CURRENT'!$S$2:$S$15000,"M/S TAPAN KUMAR KARMAKAR",'WH+RT CURRENT'!$N$2:$N$15000,">365") -> 6.795 | M28: =SUMIFS('WH+RT CURRENT'!$M$2:$M$15000,'WH+RT CURRENT'!$B$2:$B$15000,"15-15-15",'WH+RT CURRENT'!$S$2:$S$15000,"M/S TAPAN KUMAR KARMAKAR",'WH+RT CURRENT'!$N$2:$N$15000,">365") -> 1 | N28: =SUMIFS('WH+RT CURRENT'!$M$2:$M$15000,'WH+RT CURRENT'!$B$2:$B$15000,"Imp 10-26-26",'WH+RT CURRENT'!$S$2:$S$15000,"M/S TAPAN KUMAR KARMAKAR",'WH+RT CURRENT'!$N$2:$N$15000,">365") -> 0 | O28: =SUMIFS('WH+RT CURRENT'!$M$2:$M$15000,'WH+RT CURRENT'!$B$2:$B$15000,"MOP",'WH+RT CURRENT'!$S$2:$S$15000,"M/S TAPAN KUMAR KARMAKAR",'WH+RT CURRENT'!$N$2:$N$15000,">365") -> 0 | P28: =SUMIFS('WH+RT CURRENT'!$M$2:$M$15000,'WH+RT CURRENT'!$B$2:$B$15000,"Imp DAP",'WH+RT CURRENT'!$S$2:$S$15000,"M/S TAPAN KUMAR KARMAKAR",'WH+RT CURRENT'!$N$2:$N$15000,">365") -> 0 | Q28: =L28+M28+N28+O28+P28 -> 7.795
E29: GRAND TOTAL | F29: =F27+F28 -> 23.625 | G29: =G27+G28 -> 13.923 | H29: =H27+H28 -> 0 | I29: =I27+I28 -> 0 | J29: =J27+J28 -> 0 | K29: =F29+G29+H29+I29+J29 -> 37.548 | L29: =L27+L28 -> 23.49 | M29: =M27+M28 -> 13.423 | N29: =N27+N28 -> 0 | O29: =O27+O28 -> 0 | P29: =P27+P28 -> 0 | Q29: =L29+M29+N29+O29+P29 -> 36.913
E30: TOTAL STOCK | F30: =SUMIFS('WH+RT PREVIOUS'!$M$2:$M$15000,'WH+RT PREVIOUS'!$B$2:$B$15000,"N.C.Urea(45kg)",'WH+RT PREVIOUS'!$S$2:$S$15000,"M/S TAPAN KUMAR KARMAKAR") -> 50.985 | G30: =SUMIFS('WH+RT PREVIOUS'!$M$2:$M$15000,'WH+RT PREVIOUS'!$B$2:$B$15000,"15-15-15",'WH+RT PREVIOUS'!$S$2:$S$15000,"M/S TAPAN KUMAR KARMAKAR") -> 48.621 | H30: =SUMIFS('WH+RT PREVIOUS'!$M$2:$M$15000,'WH+RT PREVIOUS'!$B$2:$B$15000,"Imp 10-26-26",'WH+RT PREVIOUS'!$S$2:$S$15000,"M/S TAPAN KUMAR KARMAKAR") -> 0 | I30: =SUMIFS('WH+RT PREVIOUS'!$M$2:$M$15000,'WH+RT PREVIOUS'!$B$2:$B$15000,"MOP",'WH+RT PREVIOUS'!$S$2:$S$15000,"M/S TAPAN KUMAR KARMAKAR") -> 38.15 | J30: =SUMIFS('WH+RT PREVIOUS'!$M$2:$M$15000,'WH+RT PREVIOUS'!$B$2:$B$15000,"Imp DAP",'WH+RT PREVIOUS'!$S$2:$S$15000,"M/S TAPAN KUMAR KARMAKAR") -> 0 | K30: =F30+G30+H30+I30+J30 -> 137.756 | L30: =SUMIFS('WH+RT CURRENT'!$M$2:$M$15000,'WH+RT CURRENT'!$B$2:$B$15000,"N.C.Urea(45kg)",'WH+RT CURRENT'!$S$2:$S$15000,"M/S TAPAN KUMAR KARMAKAR") -> 49.23 | M30: =SUMIFS('WH+RT CURRENT'!$M$2:$M$15000,'WH+RT CURRENT'!$B$2:$B$15000,"15-15-15",'WH+RT CURRENT'!$S$2:$S$15000,"M/S TAPAN KUMAR KARMAKAR") -> 47.621 | N30: =SUMIFS('WH+RT CURRENT'!$M$2:$M$15000,'WH+RT CURRENT'!$B$2:$B$15000,"Imp 10-26-26",'WH+RT CURRENT'!$S$2:$S$15000,"M/S TAPAN KUMAR KARMAKAR") -> 0 | O30: =SUMIFS('WH+RT CURRENT'!$M$2:$M$15000,'WH+RT CURRENT'!$B$2:$B$15000,"MOP",'WH+RT CURRENT'!$S$2:$S$15000,"M/S TAPAN KUMAR KARMAKAR") -> 34.65 | P30: =SUMIFS('WH+RT CURRENT'!$M$2:$M$15000,'WH+RT CURRENT'!$B$2:$B$15000,"Imp DAP",'WH+RT CURRENT'!$S$2:$S$15000,"M/S TAPAN KUMAR KARMAKAR") -> 0 | Q30: =L30+M30+N30+O30+P30 -> 131.501
E33: M/s. Janardan Parui
F34: Previous | L34: Current
F35: UREA | G35: S-15 | H35: 10-26-26 | I35: MOP | J35: DAP | K35: TOTAL | L35: UREA | M35: S-15 | N35: 10-26-26 | O35: MOP | P35: DAP | Q35: TOTAL
E36: 181-365 | F36: =SUMIFS('WH+RT PREVIOUS'!$M$2:$M$15000,'WH+RT PREVIOUS'!$B$2:$B$15000,"N.C.Urea(45kg)",'WH+RT PREVIOUS'!$S$2:$S$15000,"M/s. Janardan Parui",'WH+RT PREVIOUS'!$N$2:$N$15000,">179",'WH+RT PREVIOUS'!$N$2:$N$15000,"<366") -> 0 | G36: =SUMIFS('WH+RT PREVIOUS'!$M$2:$M$15000,'WH+RT PREVIOUS'!$B$2:$B$15000,"15-15-15",'WH+RT PREVIOUS'!$S$2:$S$15000,"M/s. Janardan Parui",'WH+RT PREVIOUS'!$N$2:$N$15000,">179",'WH+RT PREVIOUS'!$N$2:$N$15000,"<366") -> 0.45 | H36: =SUMIFS('WH+RT PREVIOUS'!$M$2:$M$15000,'WH+RT PREVIOUS'!$B$2:$B$15000,"Imp 10-26-26",'WH+RT PREVIOUS'!$S$2:$S$15000,"M/s. Janardan Parui",'WH+RT PREVIOUS'!$N$2:$N$15000,">179",'WH+RT PREVIOUS'!$N$2:$N$15000,"<366") -> 0 | I36: =SUMIFS('WH+RT PREVIOUS'!$M$2:$M$15000,'WH+RT PREVIOUS'!$B$2:$B$15000,"MOP",'WH+RT PREVIOUS'!$S$2:$S$15000,"M/s. Janardan Parui",'WH+RT PREVIOUS'!$N$2:$N$15000,">179",'WH+RT PREVIOUS'!$N$2:$N$15000,"<366") -> 0 | J36: =SUMIFS('WH+RT PREVIOUS'!$M$2:$M$15000,'WH+RT PREVIOUS'!$B$2:$B$15000,"Imp DAP",'WH+RT PREVIOUS'!$S$2:$S$15000,"M/s. Janardan Parui",'WH+RT PREVIOUS'!$N$2:$N$15000,">179",'WH+RT PREVIOUS'!$N$2:$N$15000,"<366") -> 0 | K36: =F36+G36+H36+I36+J36 -> 0.45 | L36: =SUMIFS('WH+RT CURRENT'!$M$2:$M$15000,'WH+RT CURRENT'!$B$2:$B$15000,"N.C.Urea(45kg)",'WH+RT CURRENT'!$S$2:$S$15000,"M/s. Janardan Parui",'WH+RT CURRENT'!$N$2:$N$15000,">179",'WH+RT CURRENT'!$N$2:$N$15000,"<366") -> 0 | M36: =SUMIFS('WH+RT CURRENT'!$M$2:$M$15000,'WH+RT CURRENT'!$B$2:$B$15000,"15-15-15",'WH+RT CURRENT'!$S$2:$S$15000,"M/s. Janardan Parui",'WH+RT CURRENT'!$N$2:$N$15000,">179",'WH+RT CURRENT'!$N$2:$N$15000,"<366") -> 0.45 | N36: =SUMIFS('WH+RT CURRENT'!$M$2:$M$15000,'WH+RT CURRENT'!$B$2:$B$15000,"Imp 10-26-26",'WH+RT CURRENT'!$S$2:$S$15000,"M/s. Janardan Parui",'WH+RT CURRENT'!$N$2:$N$15000,">179",'WH+RT CURRENT'!$N$2:$N$15000,"<366") -> 0 | O36: =SUMIFS('WH+RT CURRENT'!$M$2:$M$15000,'WH+RT CURRENT'!$B$2:$B$15000,"MOP",'WH+RT CURRENT'!$S$2:$S$15000,"M/s. Janardan Parui",'WH+RT CURRENT'!$N$2:$N$15000,">179",'WH+RT CURRENT'!$N$2:$N$15000,"<366") -> 0 | P36: =SUMIFS('WH+RT CURRENT'!$M$2:$M$15000,'WH+RT CURRENT'!$B$2:$B$15000,"Imp DAP",'WH+RT CURRENT'!$S$2:$S$15000,"M/s. Janardan Parui",'WH+RT CURRENT'!$N$2:$N$15000,">179",'WH+RT CURRENT'!$N$2:$N$15000,"<366") -> 0 | Q36: =L36+M36+N36+O36+P36 -> 0.45
E37: 366+ | F37: =SUMIFS('WH+RT PREVIOUS'!$M$2:$M$15000,'WH+RT PREVIOUS'!$B$2:$B$15000,"N.C.Urea(45kg)",'WH+RT PREVIOUS'!$S$2:$S$15000,"M/s. Janardan Parui",'WH+RT PREVIOUS'!$N$2:$N$15000,">365") -> 5.093 | G37: =SUMIFS('WH+RT PREVIOUS'!$M$2:$M$15000,'WH+RT PREVIOUS'!$B$2:$B$15000,"15-15-15",'WH+RT PREVIOUS'!$S$2:$S$15000,"M/s. Janardan Parui",'WH+RT PREVIOUS'!$N$2:$N$15000,">365") -> 6.995 | H37: =SUMIFS('WH+RT PREVIOUS'!$M$2:$M$15000,'WH+RT PREVIOUS'!$B$2:$B$15000,"Imp 10-26-26",'WH+RT PREVIOUS'!$S$2:$S$15000,"M/s. Janardan Parui",'WH+RT PREVIOUS'!$N$2:$N$15000,">365") -> 0 | I37: =SUMIFS('WH+RT PREVIOUS'!$M$2:$M$15000,'WH+RT PREVIOUS'!$B$2:$B$15000,"MOP",'WH+RT PREVIOUS'!$S$2:$S$15000,"M/s. Janardan Parui",'WH+RT PREVIOUS'!$N$2:$N$15000,">365") -> 10.5 | J37: =SUMIFS('WH+RT PREVIOUS'!$M$2:$M$15000,'WH+RT PREVIOUS'!$B$2:$B$15000,"Imp DAP",'WH+RT PREVIOUS'!$S$2:$S$15000,"M/s. Janardan Parui",'WH+RT PREVIOUS'!$N$2:$N$15000,">365") -> 0 | K37: =F37+G37+H37+I37+J37 -> 22.588 | L37: =SUMIFS('WH+RT CURRENT'!$M$2:$M$15000,'WH+RT CURRENT'!$B$2:$B$15000,"N.C.Urea(45kg)",'WH+RT CURRENT'!$S$2:$S$15000,"M/s. Janardan Parui",'WH+RT CURRENT'!$N$2:$N$15000,">365") -> 5.093 | M37: =SUMIFS('WH+RT CURRENT'!$M$2:$M$15000,'WH+RT CURRENT'!$B$2:$B$15000,"15-15-15",'WH+RT CURRENT'!$S$2:$S$15000,"M/s. Janardan Parui",'WH+RT CURRENT'!$N$2:$N$15000,">365") -> 6.995 | N37: =SUMIFS('WH+RT CURRENT'!$M$2:$M$15000,'WH+RT CURRENT'!$B$2:$B$15000,"Imp 10-26-26",'WH+RT CURRENT'!$S$2:$S$15000,"M/s. Janardan Parui",'WH+RT CURRENT'!$N$2:$N$15000,">365") -> 0 | O37: =SUMIFS('WH+RT CURRENT'!$M$2:$M$15000,'WH+RT CURRENT'!$B$2:$B$15000,"MOP",'WH+RT CURRENT'!$S$2:$S$15000,"M/s. Janardan Parui",'WH+RT CURRENT'!$N$2:$N$15000,">365") -> 10.5 | P37: =SUMIFS('WH+RT CURRENT'!$M$2:$M$15000,'WH+RT CURRENT'!$B$2:$B$15000,"Imp DAP",'WH+RT CURRENT'!$S$2:$S$15000,"M/s. Janardan Parui",'WH+RT CURRENT'!$N$2:$N$15000,">365") -> 0 | Q37: =L37+M37+N37+O37+P37 -> 22.588
E38: GRAND TOTAL | F38: =F36+F37 -> 5.093 | G38: =G36+G37 -> 7.445 | H38: =H36+H37 -> 0 | I38: =I36+I37 -> 10.5 | J38: =J36+J37 -> 0 | K38: =F38+G38+H38+I38+J38 -> 23.038 | L38: =L36+L37 -> 5.093 | M38: =M36+M37 -> 7.445 | N38: =N36+N37 -> 0 | O38: =O36+O37 -> 10.5 | P38: =P36+P37 -> 0 | Q38: =L38+M38+N38+O38+P38 -> 23.038
E39: TOTAL STOCK | F39: =SUMIFS('WH+RT PREVIOUS'!$M$2:$M$15000,'WH+RT PREVIOUS'!$B$2:$B$15000,"N.C.Urea(45kg)",'WH+RT PREVIOUS'!$S$2:$S$15000,"M/s. Janardan Parui") -> 78.753 | G39: =SUMIFS('WH+RT PREVIOUS'!$M$2:$M$15000,'WH+RT PREVIOUS'!$B$2:$B$15000,"15-15-15",'WH+RT PREVIOUS'!$S$2:$S$15000,"M/s. Janardan Parui") -> 82.089 | H39: =SUMIFS('WH+RT PREVIOUS'!$M$2:$M$15000,'WH+RT PREVIOUS'!$B$2:$B$15000,"Imp 10-26-26",'WH+RT PREVIOUS'!$S$2:$S$15000,"M/s. Janardan Parui") -> 22.85 | I39: =SUMIFS('WH+RT PREVIOUS'!$M$2:$M$15000,'WH+RT PREVIOUS'!$B$2:$B$15000,"MOP",'WH+RT PREVIOUS'!$S$2:$S$15000,"M/s. Janardan Parui") -> 10.5 | J39: =SUMIFS('WH+RT PREVIOUS'!$M$2:$M$15000,'WH+RT PREVIOUS'!$B$2:$B$15000,"Imp DAP",'WH+RT PREVIOUS'!$S$2:$S$15000,"M/s. Janardan Parui") -> 0 | K39: =F39+G39+H39+I39+J39 -> 194.192 | L39: =SUMIFS('WH+RT CURRENT'!$M$2:$M$15000,'WH+RT CURRENT'!$B$2:$B$15000,"N.C.Urea(45kg)",'WH+RT CURRENT'!$S$2:$S$15000,"M/s. Janardan Parui") -> 75.603 | M39: =SUMIFS('WH+RT CURRENT'!$M$2:$M$15000,'WH+RT CURRENT'!$B$2:$B$15000,"15-15-15",'WH+RT CURRENT'!$S$2:$S$15000,"M/s. Janardan Parui") -> 81.302 | N39: =SUMIFS('WH+RT CURRENT'!$M$2:$M$15000,'WH+RT CURRENT'!$B$2:$B$15000,"Imp 10-26-26",'WH+RT CURRENT'!$S$2:$S$15000,"M/s. Janardan Parui") -> 22.25 | O39: =SUMIFS('WH+RT CURRENT'!$M$2:$M$15000,'WH+RT CURRENT'!$B$2:$B$15000,"MOP",'WH+RT CURRENT'!$S$2:$S$15000,"M/s. Janardan Parui") -> 10.5 | P39: =SUMIFS('WH+RT CURRENT'!$M$2:$M$15000,'WH+RT CURRENT'!$B$2:$B$15000,"Imp DAP",'WH+RT CURRENT'!$S$2:$S$15000,"M/s. Janardan Parui") -> 0 | Q39: =L39+M39+N39+O39+P39 -> 189.655
E42: Manoda Fertilisers
F43: Previous | L43: Current
F44: UREA | G44: S-15 | H44: 10-26-26 | I44: MOP | J44: DAP | K44: TOTAL | L44: UREA | M44: S-15 | N44: 10-26-26 | O44: MOP | P44: DAP | Q44: TOTAL
E45: 181-365 | F45: =SUMIFS('WH+RT PREVIOUS'!$M$2:$M$15000,'WH+RT PREVIOUS'!$B$2:$B$15000,"N.C.Urea(45kg)",'WH+RT PREVIOUS'!$S$2:$S$15000,"Manoda Fertilisers ",'WH+RT PREVIOUS'!$N$2:$N$15000,">179",'WH+RT PREVIOUS'!$N$2:$N$15000,"<366") -> 5.45 | G45: =SUMIFS('WH+RT PREVIOUS'!$M$2:$M$15000,'WH+RT PREVIOUS'!$B$2:$B$15000,"15-15-15",'WH+RT PREVIOUS'!$S$2:$S$15000,"Manoda Fertilisers ",'WH+RT PREVIOUS'!$N$2:$N$15000,">179",'WH+RT PREVIOUS'!$N$2:$N$15000,"<366") -> 0.05 | H45: =SUMIFS('WH+RT PREVIOUS'!$M$2:$M$15000,'WH+RT PREVIOUS'!$B$2:$B$15000,"Imp 10-26-26",'WH+RT PREVIOUS'!$S$2:$S$15000,"Manoda Fertilisers ",'WH+RT PREVIOUS'!$N$2:$N$15000,">179",'WH+RT PREVIOUS'!$N$2:$N$15000,"<366") -> 0 | I45: =SUMIFS('WH+RT PREVIOUS'!$M$2:$M$15000,'WH+RT PREVIOUS'!$B$2:$B$15000,"MOP",'WH+RT PREVIOUS'!$S$2:$S$15000,"Manoda Fertilisers ",'WH+RT PREVIOUS'!$N$2:$N$15000,">179",'WH+RT PREVIOUS'!$N$2:$N$15000,"<366") -> 0.25 | J45: =SUMIFS('WH+RT PREVIOUS'!$M$2:$M$15000,'WH+RT PREVIOUS'!$B$2:$B$15000,"Imp DAP",'WH+RT PREVIOUS'!$S$2:$S$15000,"Manoda Fertilisers ",'WH+RT PREVIOUS'!$N$2:$N$15000,">179",'WH+RT PREVIOUS'!$N$2:$N$15000,"<366") -> 0 | K45: =F45+G45+H45+I45+J45 -> 5.75 | L45: =SUMIFS('WH+RT CURRENT'!$M$2:$M$15000,'WH+RT CURRENT'!$B$2:$B$15000,"N.C.Urea(45kg)",'WH+RT CURRENT'!$S$2:$S$15000,"Manoda Fertilisers ",'WH+RT CURRENT'!$N$2:$N$15000,">179",'WH+RT CURRENT'!$N$2:$N$15000,"<366") -> 5.45 | M45: =SUMIFS('WH+RT CURRENT'!$M$2:$M$15000,'WH+RT CURRENT'!$B$2:$B$15000,"15-15-15",'WH+RT CURRENT'!$S$2:$S$15000,"Manoda Fertilisers ",'WH+RT CURRENT'!$N$2:$N$15000,">179",'WH+RT CURRENT'!$N$2:$N$15000,"<366") -> 0.05 | N45: =SUMIFS('WH+RT CURRENT'!$M$2:$M$15000,'WH+RT CURRENT'!$B$2:$B$15000,"Imp 10-26-26",'WH+RT CURRENT'!$S$2:$S$15000,"Manoda Fertilisers ",'WH+RT CURRENT'!$N$2:$N$15000,">179",'WH+RT CURRENT'!$N$2:$N$15000,"<366") -> 0 | O45: =SUMIFS('WH+RT CURRENT'!$M$2:$M$15000,'WH+RT CURRENT'!$B$2:$B$15000,"MOP",'WH+RT CURRENT'!$S$2:$S$15000,"Manoda Fertilisers ",'WH+RT CURRENT'!$N$2:$N$15000,">179",'WH+RT CURRENT'!$N$2:$N$15000,"<366") -> 0.25 | P45: =SUMIFS('WH+RT CURRENT'!$M$2:$M$15000,'WH+RT CURRENT'!$B$2:$B$15000,"Imp DAP",'WH+RT CURRENT'!$S$2:$S$15000,"Manoda Fertilisers ",'WH+RT CURRENT'!$N$2:$N$15000,">179",'WH+RT CURRENT'!$N$2:$N$15000,"<366") -> 0 | Q45: =L45+M45+N45+O45+P45 -> 5.75
E46: 366+ | F46: =SUMIFS('WH+RT PREVIOUS'!$M$2:$M$15000,'WH+RT PREVIOUS'!$B$2:$B$15000,"N.C.Urea(45kg)",'WH+RT PREVIOUS'!$S$2:$S$15000,"Manoda Fertilisers ",'WH+RT PREVIOUS'!$N$2:$N$15000,">365") -> 6.027 | G46: =SUMIFS('WH+RT PREVIOUS'!$M$2:$M$15000,'WH+RT PREVIOUS'!$B$2:$B$15000,"15-15-15",'WH+RT PREVIOUS'!$S$2:$S$15000,"Manoda Fertilisers ",'WH+RT PREVIOUS'!$N$2:$N$15000,">365") -> 6.9 | H46: =SUMIFS('WH+RT PREVIOUS'!$M$2:$M$15000,'WH+RT PREVIOUS'!$B$2:$B$15000,"Imp 10-26-26",'WH+RT PREVIOUS'!$S$2:$S$15000,"Manoda Fertilisers ",'WH+RT PREVIOUS'!$N$2:$N$15000,">365") -> 0 | I46: =SUMIFS('WH+RT PREVIOUS'!$M$2:$M$15000,'WH+RT PREVIOUS'!$B$2:$B$15000,"MOP",'WH+RT PREVIOUS'!$S$2:$S$15000,"Manoda Fertilisers ",'WH+RT PREVIOUS'!$N$2:$N$15000,">365") -> 0 | J46: =SUMIFS('WH+RT PREVIOUS'!$M$2:$M$15000,'WH+RT PREVIOUS'!$B$2:$B$15000,"Imp DAP",'WH+RT PREVIOUS'!$S$2:$S$15000,"Manoda Fertilisers ",'WH+RT PREVIOUS'!$N$2:$N$15000,">365") -> 0 | K46: =F46+G46+H46+I46+J46 -> 12.927 | L46: =SUMIFS('WH+RT CURRENT'!$M$2:$M$15000,'WH+RT CURRENT'!$B$2:$B$15000,"N.C.Urea(45kg)",'WH+RT CURRENT'!$S$2:$S$15000,"Manoda Fertilisers ",'WH+RT CURRENT'!$N$2:$N$15000,">365") -> 6.027 | M46: =SUMIFS('WH+RT CURRENT'!$M$2:$M$15000,'WH+RT CURRENT'!$B$2:$B$15000,"15-15-15",'WH+RT CURRENT'!$S$2:$S$15000,"Manoda Fertilisers ",'WH+RT CURRENT'!$N$2:$N$15000,">365") -> 6.9 | N46: =SUMIFS('WH+RT CURRENT'!$M$2:$M$15000,'WH+RT CURRENT'!$B$2:$B$15000,"Imp 10-26-26",'WH+RT CURRENT'!$S$2:$S$15000,"Manoda Fertilisers ",'WH+RT CURRENT'!$N$2:$N$15000,">365") -> 0 | O46: =SUMIFS('WH+RT CURRENT'!$M$2:$M$15000,'WH+RT CURRENT'!$B$2:$B$15000,"MOP",'WH+RT CURRENT'!$S$2:$S$15000,"Manoda Fertilisers ",'WH+RT CURRENT'!$N$2:$N$15000,">365") -> 0 | P46: =SUMIFS('WH+RT CURRENT'!$M$2:$M$15000,'WH+RT CURRENT'!$B$2:$B$15000,"Imp DAP",'WH+RT CURRENT'!$S$2:$S$15000,"Manoda Fertilisers ",'WH+RT CURRENT'!$N$2:$N$15000,">365") -> 0 | Q46: =L46+M46+N46+O46+P46 -> 12.927
E47: GRAND TOTAL | F47: =F45+F46 -> 11.477 | G47: =G45+G46 -> 6.95 | H47: =H45+H46 -> 0 | I47: =I45+I46 -> 0.25 | J47: =J45+J46 -> 0 | K47: =F47+G47+H47+I47+J47 -> 18.677 | L47: =L45+L46 -> 11.477 | M47: =M45+M46 -> 6.95 | N47: =N45+N46 -> 0 | O47: =O45+O46 -> 0.25 | P47: =P45+P46 -> 0 | Q47: =L47+M47+N47+O47+P47 -> 18.677
E48: TOTAL STOCK | F48: =SUMIFS('WH+RT PREVIOUS'!$M$2:$M$15000,'WH+RT PREVIOUS'!$B$2:$B$15000,"N.C.Urea(45kg)",'WH+RT PREVIOUS'!$S$2:$S$15000,"Manoda Fertilisers ") -> 25.427 | G48: =SUMIFS('WH+RT PREVIOUS'!$M$2:$M$15000,'WH+RT PREVIOUS'!$B$2:$B$15000,"15-15-15",'WH+RT PREVIOUS'!$S$2:$S$15000,"Manoda Fertilisers ") -> 7.8 | H48: =SUMIFS('WH+RT PREVIOUS'!$M$2:$M$15000,'WH+RT PREVIOUS'!$B$2:$B$15000,"Imp 10-26-26",'WH+RT PREVIOUS'!$S$2:$S$15000,"Manoda Fertilisers ") -> 0.9 | I48: =SUMIFS('WH+RT PREVIOUS'!$M$2:$M$15000,'WH+RT PREVIOUS'!$B$2:$B$15000,"MOP",'WH+RT PREVIOUS'!$S$2:$S$15000,"Manoda Fertilisers ") -> 0.25 | J48: =SUMIFS('WH+RT PREVIOUS'!$M$2:$M$15000,'WH+RT PREVIOUS'!$B$2:$B$15000,"Imp DAP",'WH+RT PREVIOUS'!$S$2:$S$15000,"Manoda Fertilisers ") -> 0 | K48: =F48+G48+H48+I48+J48 -> 34.377 | L48: =SUMIFS('WH+RT CURRENT'!$M$2:$M$15000,'WH+RT CURRENT'!$B$2:$B$15000,"N.C.Urea(45kg)",'WH+RT CURRENT'!$S$2:$S$15000,"Manoda Fertilisers ") -> 25.157 | M48: =SUMIFS('WH+RT CURRENT'!$M$2:$M$15000,'WH+RT CURRENT'!$B$2:$B$15000,"15-15-15",'WH+RT CURRENT'!$S$2:$S$15000,"Manoda Fertilisers ") -> 6.95 | N48: =SUMIFS('WH+RT CURRENT'!$M$2:$M$15000,'WH+RT CURRENT'!$B$2:$B$15000,"Imp 10-26-26",'WH+RT CURRENT'!$S$2:$S$15000,"Manoda Fertilisers ") -> 0.7 | O48: =SUMIFS('WH+RT CURRENT'!$M$2:$M$15000,'WH+RT CURRENT'!$B$2:$B$15000,"MOP",'WH+RT CURRENT'!$S$2:$S$15000,"Manoda Fertilisers ") -> 0.25 | P48: =SUMIFS('WH+RT CURRENT'!$M$2:$M$15000,'WH+RT CURRENT'!$B$2:$B$15000,"Imp DAP",'WH+RT CURRENT'!$S$2:$S$15000,"Manoda Fertilisers ") -> 0 | Q48: =L48+M48+N48+O48+P48 -> 33.057
E51: Md Alauddin Mollick
F52: Previous | L52: Current
F53: UREA | G53: S-15 | H53: 10-26-26 | I53: MOP | J53: DAP | K53: TOTAL | L53: UREA | M53: S-15 | N53: 10-26-26 | O53: MOP | P53: DAP | Q53: TOTAL
E54: 181-365 | F54: =SUMIFS('WH+RT PREVIOUS'!$M$2:$M$15000,'WH+RT PREVIOUS'!$B$2:$B$15000,"N.C.Urea(45kg)",'WH+RT PREVIOUS'!$S$2:$S$15000,"Md Alauddin Mollick",'WH+RT PREVIOUS'!$N$2:$N$15000,">179",'WH+RT PREVIOUS'!$N$2:$N$15000,"<366") -> 0.855 | G54: =SUMIFS('WH+RT PREVIOUS'!$M$2:$M$15000,'WH+RT PREVIOUS'!$B$2:$B$15000,"15-15-15",'WH+RT PREVIOUS'!$S$2:$S$15000,"Md Alauddin Mollick",'WH+RT PREVIOUS'!$N$2:$N$15000,">179",'WH+RT PREVIOUS'!$N$2:$N$15000,"<366") -> 1.05 | H54: =SUMIFS('WH+RT PREVIOUS'!$M$2:$M$15000,'WH+RT PREVIOUS'!$B$2:$B$15000,"Imp 10-26-26",'WH+RT PREVIOUS'!$S$2:$S$15000,"Md Alauddin Mollick",'WH+RT PREVIOUS'!$N$2:$N$15000,">179",'WH+RT PREVIOUS'!$N$2:$N$15000,"<366") -> 1.85 | I54: =SUMIFS('WH+RT PREVIOUS'!$M$2:$M$15000,'WH+RT PREVIOUS'!$B$2:$B$15000,"MOP",'WH+RT PREVIOUS'!$S$2:$S$15000,"Md Alauddin Mollick",'WH+RT PREVIOUS'!$N$2:$N$15000,">179",'WH+RT PREVIOUS'!$N$2:$N$15000,"<366") -> 0 | J54: =SUMIFS('WH+RT PREVIOUS'!$M$2:$M$15000,'WH+RT PREVIOUS'!$B$2:$B$15000,"Imp DAP",'WH+RT PREVIOUS'!$S$2:$S$15000,"Md Alauddin Mollick",'WH+RT PREVIOUS'!$N$2:$N$15000,">179",'WH+RT PREVIOUS'!$N$2:$N$15000,"<366") -> 0 | K54: =F54+G54+H54+I54+J54 -> 3.755 | L54: =SUMIFS('WH+RT CURRENT'!$M$2:$M$15000,'WH+RT CURRENT'!$B$2:$B$15000,"N.C.Urea(45kg)",'WH+RT CURRENT'!$S$2:$S$15000,"Md Alauddin Mollick",'WH+RT CURRENT'!$N$2:$N$15000,">179",'WH+RT CURRENT'!$N$2:$N$15000,"<366") -> 0.855 | M54: =SUMIFS('WH+RT CURRENT'!$M$2:$M$15000,'WH+RT CURRENT'!$B$2:$B$15000,"15-15-15",'WH+RT CURRENT'!$S$2:$S$15000,"Md Alauddin Mollick",'WH+RT CURRENT'!$N$2:$N$15000,">179",'WH+RT CURRENT'!$N$2:$N$15000,"<366") -> 0.8 | N54: =SUMIFS('WH+RT CURRENT'!$M$2:$M$15000,'WH+RT CURRENT'!$B$2:$B$15000,"Imp 10-26-26",'WH+RT CURRENT'!$S$2:$S$15000,"Md Alauddin Mollick",'WH+RT CURRENT'!$N$2:$N$15000,">179",'WH+RT CURRENT'!$N$2:$N$15000,"<366") -> 1.85 | O54: =SUMIFS('WH+RT CURRENT'!$M$2:$M$15000,'WH+RT CURRENT'!$B$2:$B$15000,"MOP",'WH+RT CURRENT'!$S$2:$S$15000,"Md Alauddin Mollick",'WH+RT CURRENT'!$N$2:$N$15000,">179",'WH+RT CURRENT'!$N$2:$N$15000,"<366") -> 0 | P54: =SUMIFS('WH+RT CURRENT'!$M$2:$M$15000,'WH+RT CURRENT'!$B$2:$B$15000,"Imp DAP",'WH+RT CURRENT'!$S$2:$S$15000,"Md Alauddin Mollick",'WH+RT CURRENT'!$N$2:$N$15000,">179",'WH+RT CURRENT'!$N$2:$N$15000,"<366") -> 0 | Q54: =L54+M54+N54+O54+P54 -> 3.505
E55: 366+ | F55: =SUMIFS('WH+RT PREVIOUS'!$M$2:$M$15000,'WH+RT PREVIOUS'!$B$2:$B$15000,"N.C.Urea(45kg)",'WH+RT PREVIOUS'!$S$2:$S$15000,"Md Alauddin Mollick",'WH+RT PREVIOUS'!$N$2:$N$15000,">365") -> 6.741 | G55: =SUMIFS('WH+RT PREVIOUS'!$M$2:$M$15000,'WH+RT PREVIOUS'!$B$2:$B$15000,"15-15-15",'WH+RT PREVIOUS'!$S$2:$S$15000,"Md Alauddin Mollick",'WH+RT PREVIOUS'!$N$2:$N$15000,">365") -> 6.942 | H55: =SUMIFS('WH+RT PREVIOUS'!$M$2:$M$15000,'WH+RT PREVIOUS'!$B$2:$B$15000,"Imp 10-26-26",'WH+RT PREVIOUS'!$S$2:$S$15000,"Md Alauddin Mollick",'WH+RT PREVIOUS'!$N$2:$N$15000,">365") -> 0 | I55: =SUMIFS('WH+RT PREVIOUS'!$M$2:$M$15000,'WH+RT PREVIOUS'!$B$2:$B$15000,"MOP",'WH+RT PREVIOUS'!$S$2:$S$15000,"Md Alauddin Mollick",'WH+RT PREVIOUS'!$N$2:$N$15000,">365") -> 0 | J55: =SUMIFS('WH+RT PREVIOUS'!$M$2:$M$15000,'WH+RT PREVIOUS'!$B$2:$B$15000,"Imp DAP",'WH+RT PREVIOUS'!$S$2:$S$15000,"Md Alauddin Mollick",'WH+RT PREVIOUS'!$N$2:$N$15000,">365") -> 0 | K55: =F55+G55+H55+I55+J55 -> 13.683 | L55: =SUMIFS('WH+RT CURRENT'!$M$2:$M$15000,'WH+RT CURRENT'!$B$2:$B$15000,"N.C.Urea(45kg)",'WH+RT CURRENT'!$S$2:$S$15000,"Md Alauddin Mollick",'WH+RT CURRENT'!$N$2:$N$15000,">365") -> 6.741 | M55: =SUMIFS('WH+RT CURRENT'!$M$2:$M$15000,'WH+RT CURRENT'!$B$2:$B$15000,"15-15-15",'WH+RT CURRENT'!$S$2:$S$15000,"Md Alauddin Mollick",'WH+RT CURRENT'!$N$2:$N$15000,">365") -> 6.942 | N55: =SUMIFS('WH+RT CURRENT'!$M$2:$M$15000,'WH+RT CURRENT'!$B$2:$B$15000,"Imp 10-26-26",'WH+RT CURRENT'!$S$2:$S$15000,"Md Alauddin Mollick",'WH+RT CURRENT'!$N$2:$N$15000,">365") -> 0 | O55: =SUMIFS('WH+RT CURRENT'!$M$2:$M$15000,'WH+RT CURRENT'!$B$2:$B$15000,"MOP",'WH+RT CURRENT'!$S$2:$S$15000,"Md Alauddin Mollick",'WH+RT CURRENT'!$N$2:$N$15000,">365") -> 0 | P55: =SUMIFS('WH+RT CURRENT'!$M$2:$M$15000,'WH+RT CURRENT'!$B$2:$B$15000,"Imp DAP",'WH+RT CURRENT'!$S$2:$S$15000,"Md Alauddin Mollick",'WH+RT CURRENT'!$N$2:$N$15000,">365") -> 0 | Q55: =L55+M55+N55+O55+P55 -> 13.683
E56: GRAND TOTAL | F56: =F54+F55 -> 7.596 | G56: =G54+G55 -> 7.992 | H56: =H54+H55 -> 1.85 | I56: =I54+I55 -> 0 | J56: =J54+J55 -> 0 | K56: =F56+G56+H56+I56+J56 -> 17.438 | L56: =L54+L55 -> 7.596 | M56: =M54+M55 -> 7.742 | N56: =N54+N55 -> 1.85 | O56: =O54+O55 -> 0 | P56: =P54+P55 -> 0 | Q56: =L56+M56+N56+O56+P56 -> 17.188
E57: TOTAL STOCK | F57: =SUMIFS('WH+RT PREVIOUS'!$M$2:$M$15000,'WH+RT PREVIOUS'!$B$2:$B$15000,"N.C.Urea(45kg)",'WH+RT PREVIOUS'!$S$2:$S$15000,"Md Alauddin Mollick") -> 29.196 | G57: =SUMIFS('WH+RT PREVIOUS'!$M$2:$M$15000,'WH+RT PREVIOUS'!$B$2:$B$15000,"15-15-15",'WH+RT PREVIOUS'!$S$2:$S$15000,"Md Alauddin Mollick") -> 14.092 | H57: =SUMIFS('WH+RT PREVIOUS'!$M$2:$M$15000,'WH+RT PREVIOUS'!$B$2:$B$15000,"Imp 10-26-26",'WH+RT PREVIOUS'!$S$2:$S$15000,"Md Alauddin Mollick") -> 4.095 | I57: =SUMIFS('WH+RT PREVIOUS'!$M$2:$M$15000,'WH+RT PREVIOUS'!$B$2:$B$15000,"MOP",'WH+RT PREVIOUS'!$S$2:$S$15000,"Md Alauddin Mollick") -> 13.145 | J57: =SUMIFS('WH+RT PREVIOUS'!$M$2:$M$15000,'WH+RT PREVIOUS'!$B$2:$B$15000,"Imp DAP",'WH+RT PREVIOUS'!$S$2:$S$15000,"Md Alauddin Mollick") -> 0 | K57: =F57+G57+H57+I57+J57 -> 60.528 | L57: =SUMIFS('WH+RT CURRENT'!$M$2:$M$15000,'WH+RT CURRENT'!$B$2:$B$15000,"N.C.Urea(45kg)",'WH+RT CURRENT'!$S$2:$S$15000,"Md Alauddin Mollick") -> 28.746 | M57: =SUMIFS('WH+RT CURRENT'!$M$2:$M$15000,'WH+RT CURRENT'!$B$2:$B$15000,"15-15-15",'WH+RT CURRENT'!$S$2:$S$15000,"Md Alauddin Mollick") -> 13.242 | N57: =SUMIFS('WH+RT CURRENT'!$M$2:$M$15000,'WH+RT CURRENT'!$B$2:$B$15000,"Imp 10-26-26",'WH+RT CURRENT'!$S$2:$S$15000,"Md Alauddin Mollick") -> 4.745 | O57: =SUMIFS('WH+RT CURRENT'!$M$2:$M$15000,'WH+RT CURRENT'!$B$2:$B$15000,"MOP",'WH+RT CURRENT'!$S$2:$S$15000,"Md Alauddin Mollick") -> 12.845 | P57: =SUMIFS('WH+RT CURRENT'!$M$2:$M$15000,'WH+RT CURRENT'!$B$2:$B$15000,"Imp DAP",'WH+RT CURRENT'!$S$2:$S$15000,"Md Alauddin Mollick") -> 0 | Q57: =L57+M57+N57+O57+P57 -> 59.578
E60: Md Nowshar Ali Molla
F61: Previous | L61: Current
F62: UREA | G62: S-15 | H62: 10-26-26 | I62: MOP | J62: DAP | K62: TOTAL | L62: UREA | M62: S-15 | N62: 10-26-26 | O62: MOP | P62: DAP | Q62: TOTAL
E63: 181-365 | F63: =SUMIFS('WH+RT PREVIOUS'!$M$2:$M$15000,'WH+RT PREVIOUS'!$B$2:$B$15000,"N.C.Urea(45kg)",'WH+RT PREVIOUS'!$S$2:$S$15000,"Md Nowshar Ali Molla",'WH+RT PREVIOUS'!$N$2:$N$15000,">179",'WH+RT PREVIOUS'!$N$2:$N$15000,"<366") -> 0 | G63: =SUMIFS('WH+RT PREVIOUS'!$M$2:$M$15000,'WH+RT PREVIOUS'!$B$2:$B$15000,"15-15-15",'WH+RT PREVIOUS'!$S$2:$S$15000,"Md Nowshar Ali Molla",'WH+RT PREVIOUS'!$N$2:$N$15000,">179",'WH+RT PREVIOUS'!$N$2:$N$15000,"<366") -> 0 | H63: =SUMIFS('WH+RT PREVIOUS'!$M$2:$M$15000,'WH+RT PREVIOUS'!$B$2:$B$15000,"Imp 10-26-26",'WH+RT PREVIOUS'!$S$2:$S$15000,"Md Nowshar Ali Molla",'WH+RT PREVIOUS'!$N$2:$N$15000,">179",'WH+RT PREVIOUS'!$N$2:$N$15000,"<366") -> 0 | I63: =SUMIFS('WH+RT PREVIOUS'!$M$2:$M$15000,'WH+RT PREVIOUS'!$B$2:$B$15000,"MOP",'WH+RT PREVIOUS'!$S$2:$S$15000,"Md Nowshar Ali Molla",'WH+RT PREVIOUS'!$N$2:$N$15000,">179",'WH+RT PREVIOUS'!$N$2:$N$15000,"<366") -> 0 | J63: =SUMIFS('WH+RT PREVIOUS'!$M$2:$M$15000,'WH+RT PREVIOUS'!$B$2:$B$15000,"Imp DAP",'WH+RT PREVIOUS'!$S$2:$S$15000,"Md Nowshar Ali Molla",'WH+RT PREVIOUS'!$N$2:$N$15000,">179",'WH+RT PREVIOUS'!$N$2:$N$15000,"<366") -> 0 | K63: =F63+G63+H63+I63+J63 -> 0 | L63: =SUMIFS('WH+RT CURRENT'!$M$2:$M$15000,'WH+RT CURRENT'!$B$2:$B$15000,"N.C.Urea(45kg)",'WH+RT CURRENT'!$S$2:$S$15000,"Md Nowshar Ali Molla",'WH+RT CURRENT'!$N$2:$N$15000,">179",'WH+RT CURRENT'!$N$2:$N$15000,"<366") -> 0 | M63: =SUMIFS('WH+RT CURRENT'!$M$2:$M$15000,'WH+RT CURRENT'!$B$2:$B$15000,"15-15-15",'WH+RT CURRENT'!$S$2:$S$15000,"Md Nowshar Ali Molla",'WH+RT CURRENT'!$N$2:$N$15000,">179",'WH+RT CURRENT'!$N$2:$N$15000,"<366") -> 0 | N63: =SUMIFS('WH+RT CURRENT'!$M$2:$M$15000,'WH+RT CURRENT'!$B$2:$B$15000,"Imp 10-26-26",'WH+RT CURRENT'!$S$2:$S$15000,"Md Nowshar Ali Molla",'WH+RT CURRENT'!$N$2:$N$15000,">179",'WH+RT CURRENT'!$N$2:$N$15000,"<366") -> 0 | O63: =SUMIFS('WH+RT CURRENT'!$M$2:$M$15000,'WH+RT CURRENT'!$B$2:$B$15000,"MOP",'WH+RT CURRENT'!$S$2:$S$15000,"Md Nowshar Ali Molla",'WH+RT CURRENT'!$N$2:$N$15000,">179",'WH+RT CURRENT'!$N$2:$N$15000,"<366") -> 0 | P63: =SUMIFS('WH+RT CURRENT'!$M$2:$M$15000,'WH+RT CURRENT'!$B$2:$B$15000,"Imp DAP",'WH+RT CURRENT'!$S$2:$S$15000,"Md Nowshar Ali Molla",'WH+RT CURRENT'!$N$2:$N$15000,">179",'WH+RT CURRENT'!$N$2:$N$15000,"<366") -> 0 | Q63: =L63+M63+N63+O63+P63 -> 0
E64: 366+ | F64: =SUMIFS('WH+RT PREVIOUS'!$M$2:$M$15000,'WH+RT PREVIOUS'!$B$2:$B$15000,"N.C.Urea(45kg)",'WH+RT PREVIOUS'!$S$2:$S$15000,"Md Nowshar Ali Molla",'WH+RT PREVIOUS'!$N$2:$N$15000,">365") -> 0.045 | G64: =SUMIFS('WH+RT PREVIOUS'!$M$2:$M$15000,'WH+RT PREVIOUS'!$B$2:$B$15000,"15-15-15",'WH+RT PREVIOUS'!$S$2:$S$15000,"Md Nowshar Ali Molla",'WH+RT PREVIOUS'!$N$2:$N$15000,">365") -> 0 | H64: =SUMIFS('WH+RT PREVIOUS'!$M$2:$M$15000,'WH+RT PREVIOUS'!$B$2:$B$15000,"Imp 10-26-26",'WH+RT PREVIOUS'!$S$2:$S$15000,"Md Nowshar Ali Molla",'WH+RT PREVIOUS'!$N$2:$N$15000,">365") -> 0 | I64: =SUMIFS('WH+RT PREVIOUS'!$M$2:$M$15000,'WH+RT PREVIOUS'!$B$2:$B$15000,"MOP",'WH+RT PREVIOUS'!$S$2:$S$15000,"Md Nowshar Ali Molla",'WH+RT PREVIOUS'!$N$2:$N$15000,">365") -> 0 | J64: =SUMIFS('WH+RT PREVIOUS'!$M$2:$M$15000,'WH+RT PREVIOUS'!$B$2:$B$15000,"Imp DAP",'WH+RT PREVIOUS'!$S$2:$S$15000,"Md Nowshar Ali Molla",'WH+RT PREVIOUS'!$N$2:$N$15000,">365") -> 0 | K64: =F64+G64+H64+I64+J64 -> 0.045 | L64: =SUMIFS('WH+RT CURRENT'!$M$2:$M$15000,'WH+RT CURRENT'!$B$2:$B$15000,"N.C.Urea(45kg)",'WH+RT CURRENT'!$S$2:$S$15000,"Md Nowshar Ali Molla",'WH+RT CURRENT'!$N$2:$N$15000,">365") -> 0.045 | M64: =SUMIFS('WH+RT CURRENT'!$M$2:$M$15000,'WH+RT CURRENT'!$B$2:$B$15000,"15-15-15",'WH+RT CURRENT'!$S$2:$S$15000,"Md Nowshar Ali Molla",'WH+RT CURRENT'!$N$2:$N$15000,">365") -> 0 | N64: =SUMIFS('WH+RT CURRENT'!$M$2:$M$15000,'WH+RT CURRENT'!$B$2:$B$15000,"Imp 10-26-26",'WH+RT CURRENT'!$S$2:$S$15000,"Md Nowshar Ali Molla",'WH+RT CURRENT'!$N$2:$N$15000,">365") -> 0 | O64: =SUMIFS('WH+RT CURRENT'!$M$2:$M$15000,'WH+RT CURRENT'!$B$2:$B$15000,"MOP",'WH+RT CURRENT'!$S$2:$S$15000,"Md Nowshar Ali Molla",'WH+RT CURRENT'!$N$2:$N$15000,">365") -> 0 | P64: =SUMIFS('WH+RT CURRENT'!$M$2:$M$15000,'WH+RT CURRENT'!$B$2:$B$15000,"Imp DAP",'WH+RT CURRENT'!$S$2:$S$15000,"Md Nowshar Ali Molla",'WH+RT CURRENT'!$N$2:$N$15000,">365") -> 0 | Q64: =L64+M64+N64+O64+P64 -> 0.045
E65: GRAND TOTAL | F65: =F63+F64 -> 0.045 | G65: =G63+G64 -> 0 | H65: =H63+H64 -> 0 | I65: =I63+I64 -> 0 | J65: =J63+J64 -> 0 | K65: =F65+G65+H65+I65+J65 -> 0.045 | L65: =L63+L64 -> 0.045 | M65: =M63+M64 -> 0 | N65: =N63+N64 -> 0 | O65: =O63+O64 -> 0 | P65: =P63+P64 -> 0 | Q65: =L65+M65+N65+O65+P65 -> 0.045
E66: TOTAL STOCK | F66: =SUMIFS('WH+RT PREVIOUS'!$M$2:$M$15000,'WH+RT PREVIOUS'!$B$2:$B$15000,"N.C.Urea(45kg)",'WH+RT PREVIOUS'!$S$2:$S$15000,"Md Nowshar Ali Molla") -> 12.24 | G66: =SUMIFS('WH+RT PREVIOUS'!$M$2:$M$15000,'WH+RT PREVIOUS'!$B$2:$B$15000,"15-15-15",'WH+RT PREVIOUS'!$S$2:$S$15000,"Md Nowshar Ali Molla") -> 2.95 | H66: =SUMIFS('WH+RT PREVIOUS'!$M$2:$M$15000,'WH+RT PREVIOUS'!$B$2:$B$15000,"Imp 10-26-26",'WH+RT PREVIOUS'!$S$2:$S$15000,"Md Nowshar Ali Molla") -> 0 | I66: =SUMIFS('WH+RT PREVIOUS'!$M$2:$M$15000,'WH+RT PREVIOUS'!$B$2:$B$15000,"MOP",'WH+RT PREVIOUS'!$S$2:$S$15000,"Md Nowshar Ali Molla") -> 0 | J66: =SUMIFS('WH+RT PREVIOUS'!$M$2:$M$15000,'WH+RT PREVIOUS'!$B$2:$B$15000,"Imp DAP",'WH+RT PREVIOUS'!$S$2:$S$15000,"Md Nowshar Ali Molla") -> 0 | K66: =F66+G66+H66+I66+J66 -> 15.19 | L66: =SUMIFS('WH+RT CURRENT'!$M$2:$M$15000,'WH+RT CURRENT'!$B$2:$B$15000,"N.C.Urea(45kg)",'WH+RT CURRENT'!$S$2:$S$15000,"Md Nowshar Ali Molla") -> 6.12 | M66: =SUMIFS('WH+RT CURRENT'!$M$2:$M$15000,'WH+RT CURRENT'!$B$2:$B$15000,"15-15-15",'WH+RT CURRENT'!$S$2:$S$15000,"Md Nowshar Ali Molla") -> 0.45 | N66: =SUMIFS('WH+RT CURRENT'!$M$2:$M$15000,'WH+RT CURRENT'!$B$2:$B$15000,"Imp 10-26-26",'WH+RT CURRENT'!$S$2:$S$15000,"Md Nowshar Ali Molla") -> 0 | O66: =SUMIFS('WH+RT CURRENT'!$M$2:$M$15000,'WH+RT CURRENT'!$B$2:$B$15000,"MOP",'WH+RT CURRENT'!$S$2:$S$15000,"Md Nowshar Ali Molla") -> 0 | P66: =SUMIFS('WH+RT CURRENT'!$M$2:$M$15000,'WH+RT CURRENT'!$B$2:$B$15000,"Imp DAP",'WH+RT CURRENT'!$S$2:$S$15000,"Md Nowshar Ali Molla") -> 0 | Q66: =L66+M66+N66+O66+P66 -> 6.57
E69: N C Das & Company
F70: Previous | L70: Current
F71: UREA | G71: S-15 | H71: 10-26-26 | I71: MOP | J71: DAP | K71: TOTAL | L71: UREA | M71: S-15 | N71: 10-26-26 | O71: MOP | P71: DAP | Q71: TOTAL
E72: 181-365 | F72: =SUMIFS('WH+RT PREVIOUS'!$M$2:$M$15000,'WH+RT PREVIOUS'!$B$2:$B$15000,"N.C.Urea(45kg)",'WH+RT PREVIOUS'!$S$2:$S$15000,"N C Das & Company",'WH+RT PREVIOUS'!$N$2:$N$15000,">179",'WH+RT PREVIOUS'!$N$2:$N$15000,"<366") -> 8.505 | G72: =SUMIFS('WH+RT PREVIOUS'!$M$2:$M$15000,'WH+RT PREVIOUS'!$B$2:$B$15000,"15-15-15",'WH+RT PREVIOUS'!$S$2:$S$15000,"N C Das & Company",'WH+RT PREVIOUS'!$N$2:$N$15000,">179",'WH+RT PREVIOUS'!$N$2:$N$15000,"<366") -> 0 | H72: =SUMIFS('WH+RT PREVIOUS'!$M$2:$M$15000,'WH+RT PREVIOUS'!$B$2:$B$15000,"Imp 10-26-26",'WH+RT PREVIOUS'!$S$2:$S$15000,"N C Das & Company",'WH+RT PREVIOUS'!$N$2:$N$15000,">179",'WH+RT PREVIOUS'!$N$2:$N$15000,"<366") -> 0 | I72: =SUMIFS('WH+RT PREVIOUS'!$M$2:$M$15000,'WH+RT PREVIOUS'!$B$2:$B$15000,"MOP",'WH+RT PREVIOUS'!$S$2:$S$15000,"N C Das & Company",'WH+RT PREVIOUS'!$N$2:$N$15000,">179",'WH+RT PREVIOUS'!$N$2:$N$15000,"<366") -> 0 | J72: =SUMIFS('WH+RT PREVIOUS'!$M$2:$M$15000,'WH+RT PREVIOUS'!$B$2:$B$15000,"Imp DAP",'WH+RT PREVIOUS'!$S$2:$S$15000,"N C Das & Company",'WH+RT PREVIOUS'!$N$2:$N$15000,">179",'WH+RT PREVIOUS'!$N$2:$N$15000,"<366") -> 0 | K72: =F72+G72+H72+I72+J72 -> 8.505 | L72: =SUMIFS('WH+RT CURRENT'!$M$2:$M$15000,'WH+RT CURRENT'!$B$2:$B$15000,"N.C.Urea(45kg)",'WH+RT CURRENT'!$S$2:$S$15000,"N C Das & Company",'WH+RT CURRENT'!$N$2:$N$15000,">179",'WH+RT CURRENT'!$N$2:$N$15000,"<366") -> 2.43 | M72: =SUMIFS('WH+RT CURRENT'!$M$2:$M$15000,'WH+RT CURRENT'!$B$2:$B$15000,"15-15-15",'WH+RT CURRENT'!$S$2:$S$15000,"N C Das & Company",'WH+RT CURRENT'!$N$2:$N$15000,">179",'WH+RT CURRENT'!$N$2:$N$15000,"<366") -> 0 | N72: =SUMIFS('WH+RT CURRENT'!$M$2:$M$15000,'WH+RT CURRENT'!$B$2:$B$15000,"Imp 10-26-26",'WH+RT CURRENT'!$S$2:$S$15000,"N C Das & Company",'WH+RT CURRENT'!$N$2:$N$15000,">179",'WH+RT CURRENT'!$N$2:$N$15000,"<366") -> 0 | O72: =SUMIFS('WH+RT CURRENT'!$M$2:$M$15000,'WH+RT CURRENT'!$B$2:$B$15000,"MOP",'WH+RT CURRENT'!$S$2:$S$15000,"N C Das & Company",'WH+RT CURRENT'!$N$2:$N$15000,">179",'WH+RT CURRENT'!$N$2:$N$15000,"<366") -> 0 | P72: =SUMIFS('WH+RT CURRENT'!$M$2:$M$15000,'WH+RT CURRENT'!$B$2:$B$15000,"Imp DAP",'WH+RT CURRENT'!$S$2:$S$15000,"N C Das & Company",'WH+RT CURRENT'!$N$2:$N$15000,">179",'WH+RT CURRENT'!$N$2:$N$15000,"<366") -> 0 | Q72: =L72+M72+N72+O72+P72 -> 2.43
E73: 366+ | F73: =SUMIFS('WH+RT PREVIOUS'!$M$2:$M$15000,'WH+RT PREVIOUS'!$B$2:$B$15000,"N.C.Urea(45kg)",'WH+RT PREVIOUS'!$S$2:$S$15000,"N C Das & Company",'WH+RT PREVIOUS'!$N$2:$N$15000,">365") -> 9.293 | G73: =SUMIFS('WH+RT PREVIOUS'!$M$2:$M$15000,'WH+RT PREVIOUS'!$B$2:$B$15000,"15-15-15",'WH+RT PREVIOUS'!$S$2:$S$15000,"N C Das & Company",'WH+RT PREVIOUS'!$N$2:$N$15000,">365") -> 1 | H73: =SUMIFS('WH+RT PREVIOUS'!$M$2:$M$15000,'WH+RT PREVIOUS'!$B$2:$B$15000,"Imp 10-26-26",'WH+RT PREVIOUS'!$S$2:$S$15000,"N C Das & Company",'WH+RT PREVIOUS'!$N$2:$N$15000,">365") -> 0 | I73: =SUMIFS('WH+RT PREVIOUS'!$M$2:$M$15000,'WH+RT PREVIOUS'!$B$2:$B$15000,"MOP",'WH+RT PREVIOUS'!$S$2:$S$15000,"N C Das & Company",'WH+RT PREVIOUS'!$N$2:$N$15000,">365") -> 0 | J73: =SUMIFS('WH+RT PREVIOUS'!$M$2:$M$15000,'WH+RT PREVIOUS'!$B$2:$B$15000,"Imp DAP",'WH+RT PREVIOUS'!$S$2:$S$15000,"N C Das & Company",'WH+RT PREVIOUS'!$N$2:$N$15000,">365") -> 0 | K73: =F73+G73+H73+I73+J73 -> 10.293 | L73: =SUMIFS('WH+RT CURRENT'!$M$2:$M$15000,'WH+RT CURRENT'!$B$2:$B$15000,"N.C.Urea(45kg)",'WH+RT CURRENT'!$S$2:$S$15000,"N C Das & Company",'WH+RT CURRENT'!$N$2:$N$15000,">365") -> 15.323 | M73: =SUMIFS('WH+RT CURRENT'!$M$2:$M$15000,'WH+RT CURRENT'!$B$2:$B$15000,"15-15-15",'WH+RT CURRENT'!$S$2:$S$15000,"N C Das & Company",'WH+RT CURRENT'!$N$2:$N$15000,">365") -> 1 | N73: =SUMIFS('WH+RT CURRENT'!$M$2:$M$15000,'WH+RT CURRENT'!$B$2:$B$15000,"Imp 10-26-26",'WH+RT CURRENT'!$S$2:$S$15000,"N C Das & Company",'WH+RT CURRENT'!$N$2:$N$15000,">365") -> 0 | O73: =SUMIFS('WH+RT CURRENT'!$M$2:$M$15000,'WH+RT CURRENT'!$B$2:$B$15000,"MOP",'WH+RT CURRENT'!$S$2:$S$15000,"N C Das & Company",'WH+RT CURRENT'!$N$2:$N$15000,">365") -> 0 | P73: =SUMIFS('WH+RT CURRENT'!$M$2:$M$15000,'WH+RT CURRENT'!$B$2:$B$15000,"Imp DAP",'WH+RT CURRENT'!$S$2:$S$15000,"N C Das & Company",'WH+RT CURRENT'!$N$2:$N$15000,">365") -> 0 | Q73: =L73+M73+N73+O73+P73 -> 16.323
E74: GRAND TOTAL | F74: =F72+F73 -> 17.798 | G74: =G72+G73 -> 1 | H74: =H72+H73 -> 0 | I74: =I72+I73 -> 0 | J74: =J72+J73 -> 0 | K74: =F74+G74+H74+I74+J74 -> 18.798 | L74: =L72+L73 -> 17.753 | M74: =M72+M73 -> 1 | N74: =N72+N73 -> 0 | O74: =O72+O73 -> 0 | P74: =P72+P73 -> 0 | Q74: =L74+M74+N74+O74+P74 -> 18.753
E75: TOTAL STOCK | F75: =SUMIFS('WH+RT PREVIOUS'!$M$2:$M$15000,'WH+RT PREVIOUS'!$B$2:$B$15000,"N.C.Urea(45kg)",'WH+RT PREVIOUS'!$S$2:$S$15000,"N C Das & Company") -> 183.553 | G75: =SUMIFS('WH+RT PREVIOUS'!$M$2:$M$15000,'WH+RT PREVIOUS'!$B$2:$B$15000,"15-15-15",'WH+RT PREVIOUS'!$S$2:$S$15000,"N C Das & Company") -> 11.525 | H75: =SUMIFS('WH+RT PREVIOUS'!$M$2:$M$15000,'WH+RT PREVIOUS'!$B$2:$B$15000,"Imp 10-26-26",'WH+RT PREVIOUS'!$S$2:$S$15000,"N C Das & Company") -> 9.75 | I75: =SUMIFS('WH+RT PREVIOUS'!$M$2:$M$15000,'WH+RT PREVIOUS'!$B$2:$B$15000,"MOP",'WH+RT PREVIOUS'!$S$2:$S$15000,"N C Das & Company") -> 11 | J75: =SUMIFS('WH+RT PREVIOUS'!$M$2:$M$15000,'WH+RT PREVIOUS'!$B$2:$B$15000,"Imp DAP",'WH+RT PREVIOUS'!$S$2:$S$15000,"N C Das & Company") -> 0 | K75: =F75+G75+H75+I75+J75 -> 215.828 | L75: =SUMIFS('WH+RT CURRENT'!$M$2:$M$15000,'WH+RT CURRENT'!$B$2:$B$15000,"N.C.Urea(45kg)",'WH+RT CURRENT'!$S$2:$S$15000,"N C Das & Company") -> 183.508 | M75: =SUMIFS('WH+RT CURRENT'!$M$2:$M$15000,'WH+RT CURRENT'!$B$2:$B$15000,"15-15-15",'WH+RT CURRENT'!$S$2:$S$15000,"N C Das & Company") -> 10.525 | N75: =SUMIFS('WH+RT CURRENT'!$M$2:$M$15000,'WH+RT CURRENT'!$B$2:$B$15000,"Imp 10-26-26",'WH+RT CURRENT'!$S$2:$S$15000,"N C Das & Company") -> 9.75 | O75: =SUMIFS('WH+RT CURRENT'!$M$2:$M$15000,'WH+RT CURRENT'!$B$2:$B$15000,"MOP",'WH+RT CURRENT'!$S$2:$S$15000,"N C Das & Company") -> 11 | P75: =SUMIFS('WH+RT CURRENT'!$M$2:$M$15000,'WH+RT CURRENT'!$B$2:$B$15000,"Imp DAP",'WH+RT CURRENT'!$S$2:$S$15000,"N C Das & Company") -> 0 | Q75: =L75+M75+N75+O75+P75 -> 214.783
E78: R. B. Agro Enterprise
F79: Previous | L79: Current
F80: UREA | G80: S-15 | H80: 10-26-26 | I80: MOP | J80: DAP | K80: TOTAL | L80: UREA | M80: S-15 | N80: 10-26-26 | O80: MOP | P80: DAP | Q80: TOTAL
E81: 181-365 | F81: =SUMIFS('WH+RT PREVIOUS'!$M$2:$M$15000,'WH+RT PREVIOUS'!$B$2:$B$15000,"N.C.Urea(45kg)",'WH+RT PREVIOUS'!$S$2:$S$15000,"R. B. Agro Enterprise",'WH+RT PREVIOUS'!$N$2:$N$15000,">179",'WH+RT PREVIOUS'!$N$2:$N$15000,"<366") -> 0 | G81: =SUMIFS('WH+RT PREVIOUS'!$M$2:$M$15000,'WH+RT PREVIOUS'!$B$2:$B$15000,"15-15-15",'WH+RT PREVIOUS'!$S$2:$S$15000,"R. B. Agro Enterprise",'WH+RT PREVIOUS'!$N$2:$N$15000,">179",'WH+RT PREVIOUS'!$N$2:$N$15000,"<366") -> 0 | H81: =SUMIFS('WH+RT PREVIOUS'!$M$2:$M$15000,'WH+RT PREVIOUS'!$B$2:$B$15000,"Imp 10-26-26",'WH+RT PREVIOUS'!$S$2:$S$15000,"R. B. Agro Enterprise",'WH+RT PREVIOUS'!$N$2:$N$15000,">179",'WH+RT PREVIOUS'!$N$2:$N$15000,"<366") -> 0 | I81: =SUMIFS('WH+RT PREVIOUS'!$M$2:$M$15000,'WH+RT PREVIOUS'!$B$2:$B$15000,"MOP",'WH+RT PREVIOUS'!$S$2:$S$15000,"R. B. Agro Enterprise",'WH+RT PREVIOUS'!$N$2:$N$15000,">179",'WH+RT PREVIOUS'!$N$2:$N$15000,"<366") -> 0 | J81: =SUMIFS('WH+RT PREVIOUS'!$M$2:$M$15000,'WH+RT PREVIOUS'!$B$2:$B$15000,"Imp DAP",'WH+RT PREVIOUS'!$S$2:$S$15000,"R. B. Agro Enterprise",'WH+RT PREVIOUS'!$N$2:$N$15000,">179",'WH+RT PREVIOUS'!$N$2:$N$15000,"<366") -> 0 | K81: =F81+G81+H81+I81+J81 -> 0 | L81: =SUMIFS('WH+RT CURRENT'!$M$2:$M$15000,'WH+RT CURRENT'!$B$2:$B$15000,"N.C.Urea(45kg)",'WH+RT CURRENT'!$S$2:$S$15000,"R. B. Agro Enterprise",'WH+RT CURRENT'!$N$2:$N$15000,">179",'WH+RT CURRENT'!$N$2:$N$15000,"<366") -> 0 | M81: =SUMIFS('WH+RT CURRENT'!$M$2:$M$15000,'WH+RT CURRENT'!$B$2:$B$15000,"15-15-15",'WH+RT CURRENT'!$S$2:$S$15000,"R. B. Agro Enterprise",'WH+RT CURRENT'!$N$2:$N$15000,">179",'WH+RT CURRENT'!$N$2:$N$15000,"<366") -> 0 | N81: =SUMIFS('WH+RT CURRENT'!$M$2:$M$15000,'WH+RT CURRENT'!$B$2:$B$15000,"Imp 10-26-26",'WH+RT CURRENT'!$S$2:$S$15000,"R. B. Agro Enterprise",'WH+RT CURRENT'!$N$2:$N$15000,">179",'WH+RT CURRENT'!$N$2:$N$15000,"<366") -> 0 | O81: =SUMIFS('WH+RT CURRENT'!$M$2:$M$15000,'WH+RT CURRENT'!$B$2:$B$15000,"MOP",'WH+RT CURRENT'!$S$2:$S$15000,"R. B. Agro Enterprise",'WH+RT CURRENT'!$N$2:$N$15000,">179",'WH+RT CURRENT'!$N$2:$N$15000,"<366") -> 0 | P81: =SUMIFS('WH+RT CURRENT'!$M$2:$M$15000,'WH+RT CURRENT'!$B$2:$B$15000,"Imp DAP",'WH+RT CURRENT'!$S$2:$S$15000,"R. B. Agro Enterprise",'WH+RT CURRENT'!$N$2:$N$15000,">179",'WH+RT CURRENT'!$N$2:$N$15000,"<366") -> 0 | Q81: =L81+M81+N81+O81+P81 -> 0
E82: 366+ | F82: =SUMIFS('WH+RT PREVIOUS'!$M$2:$M$15000,'WH+RT PREVIOUS'!$B$2:$B$15000,"N.C.Urea(45kg)",'WH+RT PREVIOUS'!$S$2:$S$15000,"R. B. Agro Enterprise",'WH+RT PREVIOUS'!$N$2:$N$15000,">365") -> 37.168 | G82: =SUMIFS('WH+RT PREVIOUS'!$M$2:$M$15000,'WH+RT PREVIOUS'!$B$2:$B$15000,"15-15-15",'WH+RT PREVIOUS'!$S$2:$S$15000,"R. B. Agro Enterprise",'WH+RT PREVIOUS'!$N$2:$N$15000,">365") -> 6.52 | H82: =SUMIFS('WH+RT PREVIOUS'!$M$2:$M$15000,'WH+RT PREVIOUS'!$B$2:$B$15000,"Imp 10-26-26",'WH+RT PREVIOUS'!$S$2:$S$15000,"R. B. Agro Enterprise",'WH+RT PREVIOUS'!$N$2:$N$15000,">365") -> 0 | I82: =SUMIFS('WH+RT PREVIOUS'!$M$2:$M$15000,'WH+RT PREVIOUS'!$B$2:$B$15000,"MOP",'WH+RT PREVIOUS'!$S$2:$S$15000,"R. B. Agro Enterprise",'WH+RT PREVIOUS'!$N$2:$N$15000,">365") -> 0 | J82: =SUMIFS('WH+RT PREVIOUS'!$M$2:$M$15000,'WH+RT PREVIOUS'!$B$2:$B$15000,"Imp DAP",'WH+RT PREVIOUS'!$S$2:$S$15000,"R. B. Agro Enterprise",'WH+RT PREVIOUS'!$N$2:$N$15000,">365") -> 0 | K82: =F82+G82+H82+I82+J82 -> 43.688 | L82: =SUMIFS('WH+RT CURRENT'!$M$2:$M$15000,'WH+RT CURRENT'!$B$2:$B$15000,"N.C.Urea(45kg)",'WH+RT CURRENT'!$S$2:$S$15000,"R. B. Agro Enterprise",'WH+RT CURRENT'!$N$2:$N$15000,">365") -> 37.168 | M82: =SUMIFS('WH+RT CURRENT'!$M$2:$M$15000,'WH+RT CURRENT'!$B$2:$B$15000,"15-15-15",'WH+RT CURRENT'!$S$2:$S$15000,"R. B. Agro Enterprise",'WH+RT CURRENT'!$N$2:$N$15000,">365") -> 6.52 | N82: =SUMIFS('WH+RT CURRENT'!$M$2:$M$15000,'WH+RT CURRENT'!$B$2:$B$15000,"Imp 10-26-26",'WH+RT CURRENT'!$S$2:$S$15000,"R. B. Agro Enterprise",'WH+RT CURRENT'!$N$2:$N$15000,">365") -> 0 | O82: =SUMIFS('WH+RT CURRENT'!$M$2:$M$15000,'WH+RT CURRENT'!$B$2:$B$15000,"MOP",'WH+RT CURRENT'!$S$2:$S$15000,"R. B. Agro Enterprise",'WH+RT CURRENT'!$N$2:$N$15000,">365") -> 0 | P82: =SUMIFS('WH+RT CURRENT'!$M$2:$M$15000,'WH+RT CURRENT'!$B$2:$B$15000,"Imp DAP",'WH+RT CURRENT'!$S$2:$S$15000,"R. B. Agro Enterprise",'WH+RT CURRENT'!$N$2:$N$15000,">365") -> 0 | Q82: =L82+M82+N82+O82+P82 -> 43.688
E83: GRAND TOTAL | F83: =F81+F82 -> 37.168 | G83: =G81+G82 -> 6.52 | H83: =H81+H82 -> 0 | I83: =I81+I82 -> 0 | J83: =J81+J82 -> 0 | K83: =F83+G83+H83+I83+J83 -> 43.688 | L83: =L81+L82 -> 37.168 | M83: =M81+M82 -> 6.52 | N83: =N81+N82 -> 0 | O83: =O81+O82 -> 0 | P83: =P81+P82 -> 0 | Q83: =L83+M83+N83+O83+P83 -> 43.688
E84: TOTAL STOCK | F84: =SUMIFS('WH+RT PREVIOUS'!$M$2:$M$15000,'WH+RT PREVIOUS'!$B$2:$B$15000,"N.C.Urea(45kg)",'WH+RT PREVIOUS'!$S$2:$S$15000,"R. B. Agro Enterprise") -> 37.168 | G84: =SUMIFS('WH+RT PREVIOUS'!$M$2:$M$15000,'WH+RT PREVIOUS'!$B$2:$B$15000,"15-15-15",'WH+RT PREVIOUS'!$S$2:$S$15000,"R. B. Agro Enterprise") -> 6.52 | H84: =SUMIFS('WH+RT PREVIOUS'!$M$2:$M$15000,'WH+RT PREVIOUS'!$B$2:$B$15000,"Imp 10-26-26",'WH+RT PREVIOUS'!$S$2:$S$15000,"R. B. Agro Enterprise") -> 0 | I84: =SUMIFS('WH+RT PREVIOUS'!$M$2:$M$15000,'WH+RT PREVIOUS'!$B$2:$B$15000,"MOP",'WH+RT PREVIOUS'!$S$2:$S$15000,"R. B. Agro Enterprise") -> 0 | J84: =SUMIFS('WH+RT PREVIOUS'!$M$2:$M$15000,'WH+RT PREVIOUS'!$B$2:$B$15000,"Imp DAP",'WH+RT PREVIOUS'!$S$2:$S$15000,"R. B. Agro Enterprise") -> 0 | K84: =F84+G84+H84+I84+J84 -> 43.688 | L84: =SUMIFS('WH+RT CURRENT'!$M$2:$M$15000,'WH+RT CURRENT'!$B$2:$B$15000,"N.C.Urea(45kg)",'WH+RT CURRENT'!$S$2:$S$15000,"R. B. Agro Enterprise") -> 37.168 | M84: =SUMIFS('WH+RT CURRENT'!$M$2:$M$15000,'WH+RT CURRENT'!$B$2:$B$15000,"15-15-15",'WH+RT CURRENT'!$S$2:$S$15000,"R. B. Agro Enterprise") -> 6.52 | N84: =SUMIFS('WH+RT CURRENT'!$M$2:$M$15000,'WH+RT CURRENT'!$B$2:$B$15000,"Imp 10-26-26",'WH+RT CURRENT'!$S$2:$S$15000,"R. B. Agro Enterprise") -> 0 | O84: =SUMIFS('WH+RT CURRENT'!$M$2:$M$15000,'WH+RT CURRENT'!$B$2:$B$15000,"MOP",'WH+RT CURRENT'!$S$2:$S$15000,"R. B. Agro Enterprise") -> 0 | P84: =SUMIFS('WH+RT CURRENT'!$M$2:$M$15000,'WH+RT CURRENT'!$B$2:$B$15000,"Imp DAP",'WH+RT CURRENT'!$S$2:$S$15000,"R. B. Agro Enterprise") -> 0 | Q84: =L84+M84+N84+O84+P84 -> 43.688

Sheet Alipurduar
E1: ALIPURDUAR | R1: Total | S1: 1
E6: Raja Fertilizer
F7: PREVIOUS | L7: CURRENT
F8: UREA | G8: S-15 | H8: 10-26-26 | I8: MOP | J8: DAP | K8: TOTAL | L8: UREA | M8: S-15 | N8: 10-26-26 | O8: MOP | P8: DAP | Q8: TOTAL
E9: 181-365 | F9: =SUMIFS('WH+RT PREVIOUS'!$M$2:$M$15000,'WH+RT PREVIOUS'!$B$2:$B$15000,"N.C.Urea(45kg)",'WH+RT PREVIOUS'!$R$2:$R$15000,"214203",'WH+RT PREVIOUS'!$N$2:$N$15000,">179",'WH+RT PREVIOUS'!$N$2:$N$15000,"<366") -> 0 | G9: =SUMIFS('WH+RT PREVIOUS'!$M$2:$M$15000,'WH+RT PREVIOUS'!$B$2:$B$15000,"15-15-15",'WH+RT PREVIOUS'!$R$2:$R$15000,"214203",'WH+RT PREVIOUS'!$N$2:$N$15000,">179",'WH+RT PREVIOUS'!$N$2:$N$15000,"<366") -> 0.4 | H9: =SUMIFS('WH+RT PREVIOUS'!$M$2:$M$15000,'WH+RT PREVIOUS'!$B$2:$B$15000,"Imp 10-26-26",'WH+RT PREVIOUS'!$R$2:$R$15000,"214203",'WH+RT PREVIOUS'!$N$2:$N$15000,">179",'WH+RT PREVIOUS'!$N$2:$N$15000,"<366") -> 0 | I9: =SUMIFS('WH+RT PREVIOUS'!$M$2:$M$15000,'WH+RT PREVIOUS'!$B$2:$B$15000,"MOP",'WH+RT PREVIOUS'!$R$2:$R$15000,"214203",'WH+RT PREVIOUS'!$N$2:$N$15000,">179",'WH+RT PREVIOUS'!$N$2:$N$15000,"<366") -> 0 | J9: =SUMIFS('WH+RT PREVIOUS'!$M$2:$M$15000,'WH+RT PREVIOUS'!$B$2:$B$15000,"Imp DAP",'WH+RT PREVIOUS'!$R$2:$R$15000,"214203",'WH+RT PREVIOUS'!$N$2:$N$15000,">179",'WH+RT PREVIOUS'!$N$2:$N$15000,"<366") -> 0 | K9: =F9+G9+H9+I9+J9 -> 0.4 | L9: =SUMIFS('WH+RT CURRENT'!$M$2:$M$15000,'WH+RT CURRENT'!$B$2:$B$15000,"N.C.Urea(45kg)",'WH+RT CURRENT'!$R$2:$R$15000,"214203",'WH+RT CURRENT'!$N$2:$N$15000,">179",'WH+RT CURRENT'!$N$2:$N$15000,"<366") -> 0 | M9: =SUMIFS('WH+RT CURRENT'!$M$2:$M$15000,'WH+RT CURRENT'!$B$2:$B$15000,"15-15-15",'WH+RT CURRENT'!$R$2:$R$15000,"214203",'WH+RT CURRENT'!$N$2:$N$15000,">179",'WH+RT CURRENT'!$N$2:$N$15000,"<366") -> 0.4 | N9: =SUMIFS('WH+RT CURRENT'!$M$2:$M$15000,'WH+RT CURRENT'!$B$2:$B$15000,"Imp 10-16-16",'WH+RT CURRENT'!$R$2:$R$15000,"214203",'WH+RT CURRENT'!$N$2:$N$15000,">179",'WH+RT CURRENT'!$N$2:$N$15000,"<366") -> 0 | O9: =SUMIFS('WH+RT CURRENT'!$M$2:$M$15000,'WH+RT CURRENT'!$B$2:$B$15000,"MOP",'WH+RT CURRENT'!$R$2:$R$15000,"214203",'WH+RT CURRENT'!$N$2:$N$15000,">179",'WH+RT CURRENT'!$N$2:$N$15000,"<366") -> 0 | P9: =SUMIFS('WH+RT CURRENT'!$M$2:$M$15000,'WH+RT CURRENT'!$B$2:$B$15000,"Imp DAP",'WH+RT CURRENT'!$R$2:$R$15000,"214203",'WH+RT CURRENT'!$N$2:$N$15000,">179",'WH+RT CURRENT'!$N$2:$N$15000,"<366") -> 0 | Q9: =L9+M9+N9+O9+P9 -> 0.4
E10: 366+ | F10: =SUMIFS('WH+RT PREVIOUS'!$M$2:$M$15000,'WH+RT PREVIOUS'!$B$2:$B$15000,"N.C.Urea(45kg)",'WH+RT PREVIOUS'!$R$2:$R$15000,"214203",'WH+RT PREVIOUS'!$N$2:$N$15000,">365") -> 0 | G10: =SUMIFS('WH+RT PREVIOUS'!$M$2:$M$15000,'WH+RT PREVIOUS'!$B$2:$B$15000,"15-15-15",'WH+RT PREVIOUS'!$R$2:$R$15000,"214203",'WH+RT PREVIOUS'!$N$2:$N$15000,">365") -> 0.33 | H10: =SUMIFS('WH+RT PREVIOUS'!$M$2:$M$15000,'WH+RT PREVIOUS'!$B$2:$B$15000,"Imp 10-26-26",'WH+RT PREVIOUS'!$R$2:$R$15000,"214203",'WH+RT PREVIOUS'!$N$2:$N$15000,">365") -> 0.4 | I10: =SUMIFS('WH+RT PREVIOUS'!$M$2:$M$15000,'WH+RT PREVIOUS'!$B$2:$B$15000,"MOP",'WH+RT PREVIOUS'!$R$2:$R$15000,"214203",'WH+RT PREVIOUS'!$N$2:$N$15000,">365") -> 0 | J10: =SUMIFS('WH+RT PREVIOUS'!$M$2:$M$15000,'WH+RT PREVIOUS'!$B$2:$B$15000,"Imp DAP",'WH+RT PREVIOUS'!$R$2:$R$15000,"214203",'WH+RT PREVIOUS'!$N$2:$N$15000,">365") -> 0 | K10: =F10+G10+H10+I10+J10 -> 0.73 | L10: =SUMIFS('WH+RT CURRENT'!$M$2:$M$15000,'WH+RT CURRENT'!$B$2:$B$15000,"N.C.Urea(45kg)",'WH+RT CURRENT'!$R$2:$R$15000,"214203",'WH+RT CURRENT'!$N$2:$N$15000,">365") -> 0 | M10: =SUMIFS('WH+RT CURRENT'!$M$2:$M$15000,'WH+RT CURRENT'!$B$2:$B$15000,"15-15-15",'WH+RT CURRENT'!$R$2:$R$15000,"214203",'WH+RT CURRENT'!$N$2:$N$15000,">365") -> 0.33 | N10: =SUMIFS('WH+RT CURRENT'!$M$2:$M$15000,'WH+RT CURRENT'!$B$2:$B$15000,"Imp 16-26-26",'WH+RT CURRENT'!$R$2:$R$15000,"214203",'WH+RT CURRENT'!$N$2:$N$15000,">365") -> 0 | O10: =SUMIFS('WH+RT CURRENT'!$M$2:$M$15000,'WH+RT CURRENT'!$B$2:$B$15000,"MOP",'WH+RT CURRENT'!$R$2:$R$15000,"214203",'WH+RT CURRENT'!$N$2:$N$15000,">365") -> 0 | P10: =SUMIFS('WH+RT CURRENT'!$M$2:$M$15000,'WH+RT CURRENT'!$B$2:$B$15000,"Imp DAP",'WH+RT CURRENT'!$R$2:$R$15000,"214203",'WH+RT CURRENT'!$N$2:$N$15000,">365") -> 0 | Q10: =L10+M10+N10+O10+P10 -> 0.33
E11: GRAND TOTAL | F11: =F9+F10 -> 0 | G11: =G9+G10 -> 0.73 | H11: =H9+H10 -> 0.4 | I11: =I9+I10 -> 0 | J11: =J9+J10 -> 0 | K11: =F11+G11+H11+I11+J11 -> 1.13 | L11: =L9+L10 -> 0 | M11: =M9+M10 -> 0.73 | N11: =N9+N10 -> 0 | O11: =O9+O10 -> 0 | P11: =P9+P10 -> 0 | Q11: =L11+M11+N11+O11+P11 -> 0.73
E12: TOTAL STOCK | F12: =SUMIFS('WH+RT PREVIOUS'!$M$2:$M$15000,'WH+RT PREVIOUS'!$B$2:$B$15000,"N.C.Urea(45kg)",'WH+RT PREVIOUS'!$R$2:$R$15000,"214203") -> 2.16 | G12: =SUMIFS('WH+RT PREVIOUS'!$M$2:$M$15000,'WH+RT PREVIOUS'!$B$2:$B$15000,"15-15-15",'WH+RT PREVIOUS'!$R$2:$R$15000,"214203") -> 3.23 | H12: =SUMIFS('WH+RT PREVIOUS'!$M$2:$M$15000,'WH+RT PREVIOUS'!$B$2:$B$15000,"Imp 10-26-26",'WH+RT PREVIOUS'!$R$2:$R$15000,"214203") -> 0.4 | I12: =SUMIFS('WH+RT PREVIOUS'!$M$2:$M$15000,'WH+RT PREVIOUS'!$B$2:$B$15000,"MOP",'WH+RT PREVIOUS'!$R$2:$R$15000,"214203") -> 0 | J12: =SUMIFS('WH+RT PREVIOUS'!$M$2:$M$15000,'WH+RT PREVIOUS'!$B$2:$B$15000,"Imp DAP",'WH+RT PREVIOUS'!$R$2:$R$15000,"214203") -> 0 | K12: =F12+G12+H12+I12+J12 -> 5.79 | L12: =SUMIFS('WH+RT CURRENT'!$M$2:$M$15000,'WH+RT CURRENT'!$B$2:$B$15000,"N.C.Urea(45kg)",'WH+RT CURRENT'!$R$2:$R$15000,"214203") -> 2.16 | M12: =SUMIFS('WH+RT CURRENT'!$M$2:$M$15000,'WH+RT CURRENT'!$B$2:$B$15000,"15-15-15",'WH+RT CURRENT'!$R$2:$R$15000,"214203") -> 3.28 | N12: =SUMIFS('WH+RT CURRENT'!$M$2:$M$15000,'WH+RT CURRENT'!$B$2:$B$15000,"Imp 10-26-26",'WH+RT CURRENT'!$R$2:$R$15000,"214203") -> 0.4 | O12: =SUMIFS('WH+RT CURRENT'!$M$2:$M$15000,'WH+RT CURRENT'!$B$2:$B$15000,"MOP",'WH+RT CURRENT'!$R$2:$R$15000,"214203") -> 0 | P12: =SUMIFS('WH+RT CURRENT'!$M$2:$M$15000,'WH+RT CURRENT'!$B$2:$B$15000,"Imp DAP",'WH+RT CURRENT'!$R$2:$R$15000,"214203") -> 0 | Q12: =L12+M12+N12+O12+P12 -> 5.84

Sheet Bankura
E1: Bankura | R1: Total | S1: 2
E6: Bankim Chandra Makur
F7: Previous | L7: Current
F8: UREA | G8: S-15 | H8: 10-26-26 | I8: MOP | J8: DAP | K8: TOTAL | L8: UREA | M8: S-15 | N8: 10-26-26 | O8: MOP | P8: DAP | Q8: TOTAL
E9: 181-365 | F9: =SUMIFS('WH+RT PREVIOUS'!$M$2:$M$15000,'WH+RT PREVIOUS'!$B$2:$B$15000,"N.C.Urea(45kg)",'WH+RT PREVIOUS'!$S$2:$S$15000,"Bankim Chandra Makur",'WH+RT PREVIOUS'!$N$2:$N$15000,">179",'WH+RT PREVIOUS'!$N$2:$N$15000,"<366") -> 46.385 | G9: =SUMIFS('WH+RT PREVIOUS'!$M$2:$M$15000,'WH+RT PREVIOUS'!$B$2:$B$15000,"15-15-15",'WH+RT PREVIOUS'!$S$2:$S$15000,"Bankim Chandra Makur",'WH+RT PREVIOUS'!$N$2:$N$15000,">179",'WH+RT PREVIOUS'!$N$2:$N$15000,"<366") -> 13.25 | H9: =SUMIFS('WH+RT PREVIOUS'!$M$2:$M$15000,'WH+RT PREVIOUS'!$B$2:$B$15000,"Imp 10-26-26",'WH+RT PREVIOUS'!$S$2:$S$15000,"Bankim Chandra Makur",'WH+RT PREVIOUS'!$N$2:$N$15000,">179",'WH+RT PREVIOUS'!$N$2:$N$15000,"<366") -> 10.15 | I9: =SUMIFS('WH+RT PREVIOUS'!$M$2:$M$15000,'WH+RT PREVIOUS'!$B$2:$B$15000,"MOP",'WH+RT PREVIOUS'!$S$2:$S$15000,"Bankim Chandra Makur",'WH+RT PREVIOUS'!$N$2:$N$15000,">179",'WH+RT PREVIOUS'!$N$2:$N$15000,"<366") -> 0 | J9: =SUMIFS('WH+RT PREVIOUS'!$M$2:$M$15000,'WH+RT PREVIOUS'!$B$2:$B$15000,"Imp DAP",'WH+RT PREVIOUS'!$S$2:$S$15000,"Bankim Chandra Makur",'WH+RT PREVIOUS'!$N$2:$N$15000,">179",'WH+RT PREVIOUS'!$N$2:$N$15000,"<366") -> 0 | K9: =F9+G9+H9+I9+J9 -> 69.785 | L9: =SUMIFS('WH+RT CURRENT'!$M$2:$M$15000,'WH+RT CURRENT'!$B$2:$B$15000,"N.C.Urea(45kg)",'WH+RT CURRENT'!$S$2:$S$15000,"Bankim Chandra Makur",'WH+RT CURRENT'!$N$2:$N$15000,">179",'WH+RT CURRENT'!$N$2:$N$15000,"<366") -> 42.06 | M9: =SUMIFS('WH+RT CURRENT'!$M$2:$M$15000,'WH+RT CURRENT'!$B$2:$B$15000,"15-15-15",'WH+RT CURRENT'!$S$2:$S$15000,"Hasya Badhan Makhal",'WH+RT CURRENT'!$N$2:$N$15000,">179",'WH+RT CURRENT'!$N$2:$N$15000,"<366") -> 0 | N9: =SUMIFS('WH+RT CURRENT'!$M$2:$M$15000,'WH+RT CURRENT'!$B$2:$B$15000,"Imp 10-26-26",'WH+RT CURRENT'!$S$2:$S$15000,"Bankim Chandra Makur",'WH+RT CURRENT'!$N$2:$N$15000,">179",'WH+RT CURRENT'!$N$2:$N$15000,"<366") -> 9.95 | O9: =SUMIFS('WH+RT CURRENT'!$M$2:$M$15000,'WH+RT CURRENT'!$B$2:$B$15000,"MOP",'WH+RT CURRENT'!$S$2:$S$15000,"Bankim Chandra Makur",'WH+RT CURRENT'!$N$2:$N$15000,">179",'WH+RT CURRENT'!$N$2:$N$15000,"<366") -> 0 | P9: =SUMIFS('WH+RT CURRENT'!$M$2:$M$15000,'WH+RT CURRENT'!$B$2:$B$15000,"Imp DAP",'WH+RT CURRENT'!$S$2:$S$15000,"Bankim Chandra Makur",'WH+RT CURRENT'!$N$2:$N$15000,">179",'WH+RT CURRENT'!$N$2:$N$15000,"<366") -> 0 | Q9: =L9+M9+N9+O9+P9 -> 52.01
E10: 366+ | F10: =SUMIFS('WH+RT PREVIOUS'!$M$2:$M$15000,'WH+RT PREVIOUS'!$B$2:$B$15000,"N.C.Urea(45kg)",'WH+RT PREVIOUS'!$S$2:$S$15000,"Bankim Chandra Makur",'WH+RT PREVIOUS'!$N$2:$N$15000,">365") -> 23.58 | G10: =SUMIFS('WH+RT PREVIOUS'!$M$2:$M$15000,'WH+RT PREVIOUS'!$B$2:$B$15000,"15-15-15",'WH+RT PREVIOUS'!$S$2:$S$15000,"Bankim Chandra Makur",'WH+RT PREVIOUS'!$N$2:$N$15000,">365") -> 2.218 | H10: =SUMIFS('WH+RT PREVIOUS'!$M$2:$M$15000,'WH+RT PREVIOUS'!$B$2:$B$15000,"Imp 10-26-26",'WH+RT PREVIOUS'!$S$2:$S$15000,"Bankim Chandra Makur",'WH+RT PREVIOUS'!$N$2:$N$15000,">365") -> 0 | I10: =SUMIFS('WH+RT PREVIOUS'!$M$2:$M$15000,'WH+RT PREVIOUS'!$B$2:$B$15000,"MOP",'WH+RT PREVIOUS'!$S$2:$S$15000,"Bankim Chandra Makur",'WH+RT PREVIOUS'!$N$2:$N$15000,">365") -> 0 | J10: =SUMIFS('WH+RT PREVIOUS'!$M$2:$M$15000,'WH+RT PREVIOUS'!$B$2:$B$15000,"Imp DAP",'WH+RT PREVIOUS'!$S$2:$S$15000,"Bankim Chandra Makur",'WH+RT PREVIOUS'!$N$2:$N$15000,">365") -> 0 | K10: =F10+G10+H10+I10+J10 -> 25.798 | L10: =SUMIFS('WH+RT CURRENT'!$M$2:$M$15000,'WH+RT CURRENT'!$B$2:$B$15000,"N.C.Urea(45kg)",'WH+RT CURRENT'!$S$2:$S$15000,"Bankim Chandra Makur",'WH+RT CURRENT'!$N$2:$N$15000,">365") -> 23.58 | M10: =SUMIFS('WH+RT CURRENT'!$M$2:$M$15000,'WH+RT CURRENT'!$B$2:$B$15000,"15-15-15",'WH+RT CURRENT'!$S$2:$S$15000,"Bankim Chandra Makur",'WH+RT CURRENT'!$N$2:$N$15000,">365") -> 2.218 | N10: =SUMIFS('WH+RT CURRENT'!$M$2:$M$15000,'WH+RT CURRENT'!$B$2:$B$15000,"Imp 10-26-26",'WH+RT CURRENT'!$S$2:$S$15000,"Bankim Chandra Makur",'WH+RT CURRENT'!$N$2:$N$15000,">365") -> 0 | O10: =SUMIFS('WH+RT CURRENT'!$M$2:$M$15000,'WH+RT CURRENT'!$B$2:$B$15000,"MOP",'WH+RT CURRENT'!$S$2:$S$15000,"Bankim Chandra Makur",'WH+RT CURRENT'!$N$2:$N$15000,">365") -> 0 | P10: =SUMIFS('WH+RT CURRENT'!$M$2:$M$15000,'WH+RT CURRENT'!$B$2:$B$15000,"Imp DAP",'WH+RT CURRENT'!$S$2:$S$15000,"Bankim Chandra Makur",'WH+RT CURRENT'!$N$2:$N$15000,">365") -> 0 | Q10: =L10+M10+N10+O10+P10 -> 25.798
E11: GRAND TOTAL | F11: =F9+F10 -> 69.965 | G11: =G9+G10 -> 15.468 | H11: =H9+H10 -> 10.15 | I11: =I9+I10 -> 0 | J11: =J9+J10 -> 0 | K11: =F11+G11+H11+I11+J11 -> 95.583 | L11: =L9+L10 -> 65.64 | M11: =M9+M10 -> 2.218 | N11: =N9+N10 -> 9.95 | O11: =O9+O10 -> 0 | P11: =P9+P10 -> 0 | Q11: =L11+M11+N11+O11+P11 -> 77.808
E12: TOTAL STOCK | F12: =SUMIFS('WH+RT PREVIOUS'!$M$2:$M$15000,'WH+RT PREVIOUS'!$B$2:$B$15000,"N.C.Urea(45kg)",'WH+RT PREVIOUS'!$S$2:$S$15000,"Bankim Chandra Makur") -> 262.37 | G12: =SUMIFS('WH+RT PREVIOUS'!$M$2:$M$15000,'WH+RT PREVIOUS'!$B$2:$B$15000,"15-15-15",'WH+RT PREVIOUS'!$S$2:$S$15000,"Bankim Chandra Makur") -> 79.718 | H12: =SUMIFS('WH+RT PREVIOUS'!$M$2:$M$15000,'WH+RT PREVIOUS'!$B$2:$B$15000,"Imp 10-26-26",'WH+RT PREVIOUS'!$S$2:$S$15000,"Bankim Chandra Makur") -> 61.3 | I12: =SUMIFS('WH+RT PREVIOUS'!$M$2:$M$15000,'WH+RT PREVIOUS'!$B$2:$B$15000,"MOP",'WH+RT PREVIOUS'!$S$2:$S$15000,"Bankim Chandra Makur") -> 0 | J12: =SUMIFS('WH+RT PREVIOUS'!$M$2:$M$15000,'WH+RT PREVIOUS'!$B$2:$B$15000,"Imp DAP",'WH+RT PREVIOUS'!$S$2:$S$15000,"Bankim Chandra Makur") -> 0 | K12: =F12+G12+H12+I12+J12 -> 403.388 | L12: =SUMIFS('WH+RT CURRENT'!$M$2:$M$15000,'WH+RT CURRENT'!$B$2:$B$15000,"N.C.Urea(45kg)",'WH+RT CURRENT'!$S$2:$S$15000,"Bankim Chandra Makur") -> 252.87 | M12: =SUMIFS('WH+RT CURRENT'!$M$2:$M$15000,'WH+RT CURRENT'!$B$2:$B$15000,"15-15-15",'WH+RT CURRENT'!$S$2:$S$15000,"Bankim Chandra Makur") -> 77.418 | N12: =SUMIFS('WH+RT CURRENT'!$M$2:$M$15000,'WH+RT CURRENT'!$B$2:$B$15000,"Imp 10-26-26",'WH+RT CURRENT'!$S$2:$S$15000,"Bankim Chandra Makur") -> 60.6 | O12: =SUMIFS('WH+RT CURRENT'!$M$2:$M$15000,'WH+RT CURRENT'!$B$2:$B$15000,"MOP",'WH+RT CURRENT'!$S$2:$S$15000,"Bankim Chandra Makur") -> 0 | P12: =SUMIFS('WH+RT CURRENT'!$M$2:$M$15000,'WH+RT CURRENT'!$B$2:$B$15000,"Imp DAP",'WH+RT CURRENT'!$S$2:$S$15000,"Bankim Chandra Makur") -> 0 | Q12: =L12+M12+N12+O12+P12 -> 390.888
E15: Sital Prasad Nandi
F16: Previous | L16: Current
F17: UREA | G17: S-15 | H17: 10-26-26 | I17: MOP | J17: DAP | K17: TOTAL | L17: UREA | M17: S-15 | N17: 10-26-26 | O17: MOP | P17: DAP | Q17: TOTAL
E18: 181-365 | F18: =SUMIFS('WH+RT PREVIOUS'!$M$2:$M$15000,'WH+RT PREVIOUS'!$B$2:$B$15000,"N.C.Urea(45kg)",'WH+RT PREVIOUS'!$S$2:$S$15000,"Sital Prasad Nandi",'WH+RT PREVIOUS'!$N$2:$N$15000,">179",'WH+RT PREVIOUS'!$N$2:$N$15000,"<366") -> 0 | G18: =SUMIFS('WH+RT PREVIOUS'!$M$2:$M$15000,'WH+RT PREVIOUS'!$B$2:$B$15000,"15-15-15",'WH+RT PREVIOUS'!$S$2:$S$15000,"Sital Prasad Nandi",'WH+RT PREVIOUS'!$N$2:$N$15000,">179",'WH+RT PREVIOUS'!$N$2:$N$15000,"<366") -> 0 | H18: =SUMIFS('WH+RT PREVIOUS'!$M$2:$M$15000,'WH+RT PREVIOUS'!$B$2:$B$15000,"Imp 10-26-26",'WH+RT PREVIOUS'!$S$2:$S$15000,"Sital Prasad Nandi",'WH+RT PREVIOUS'!$N$2:$N$15000,">179",'WH+RT PREVIOUS'!$N$2:$N$15000,"<366") -> 0 | I18: =SUMIFS('WH+RT PREVIOUS'!$M$2:$M$15000,'WH+RT PREVIOUS'!$B$2:$B$15000,"MOP",'WH+RT PREVIOUS'!$S$2:$S$15000,"Sital Prasad Nandi",'WH+RT PREVIOUS'!$N$2:$N$15000,">179",'WH+RT PREVIOUS'!$N$2:$N$15000,"<366") -> 0 | J18: =SUMIFS('WH+RT PREVIOUS'!$M$2:$M$15000,'WH+RT PREVIOUS'!$B$2:$B$15000,"Imp DAP",'WH+RT PREVIOUS'!$S$2:$S$15000,"Sital Prasad Nandi",'WH+RT PREVIOUS'!$N$2:$N$15000,">179",'WH+RT PREVIOUS'!$N$2:$N$15000,"<366") -> 0 | K18: =F18+G18+H18+I18+J18 -> 0 | L18: =SUMIFS('WH+RT CURRENT'!$M$2:$M$15000,'WH+RT CURRENT'!$B$2:$B$15000,"N.C.Urea(45kg)",'WH+RT CURRENT'!$S$2:$S$15000,"Sital Prasad Nandi",'WH+RT CURRENT'!$N$2:$N$15000,">179",'WH+RT CURRENT'!$N$2:$N$15000,"<366") -> 0 | M18: =SUMIFS('WH+RT CURRENT'!$M$2:$M$15000,'WH+RT CURRENT'!$B$2:$B$15000,"15-15-15",'WH+RT CURRENT'!$S$2:$S$15000,"Sital Prasad Nandi",'WH+RT CURRENT'!$N$2:$N$15000,">179",'WH+RT CURRENT'!$N$2:$N$15000,"<366") -> 0 | N18: =SUMIFS('WH+RT CURRENT'!$M$2:$M$15000,'WH+RT CURRENT'!$B$2:$B$15000,"Imp 10-26-26",'WH+RT CURRENT'!$S$2:$S$15000,"Sital Prasad Nandi",'WH+RT CURRENT'!$N$2:$N$15000,">179",'WH+RT CURRENT'!$N$2:$N$15000,"<366") -> 0 | O18: =SUMIFS('WH+RT CURRENT'!$M$2:$M$15000,'WH+RT CURRENT'!$B$2:$B$15000,"MOP",'WH+RT CURRENT'!$S$2:$S$15000,"Sital Prasad Nandi",'WH+RT CURRENT'!$N$2:$N$15000,">179",'WH+RT CURRENT'!$N$2:$N$15000,"<366") -> 0 | P18: =SUMIFS('WH+RT CURRENT'!$M$2:$M$15000,'WH+RT CURRENT'!$B$2:$B$15000,"Imp DAP",'WH+RT CURRENT'!$S$2:$S$15000,"Sital Prasad Nandi",'WH+RT CURRENT'!$N$2:$N$15000,">179",'WH+RT CURRENT'!$N$2:$N$15000,"<366") -> 0 | Q18: =L18+M18+N18+O18+P18 -> 0
E19: 366+ | F19: =SUMIFS('WH+RT PREVIOUS'!$M$2:$M$15000,'WH+RT PREVIOUS'!$B$2:$B$15000,"N.C.Urea(45kg)",'WH+RT PREVIOUS'!$S$2:$S$15000,"Sital Prasad Nandi",'WH+RT PREVIOUS'!$N$2:$N$15000,">365") -> 0 | G19: =SUMIFS('WH+RT PREVIOUS'!$M$2:$M$15000,'WH+RT PREVIOUS'!$B$2:$B$15000,"15-15-15",'WH+RT PREVIOUS'!$S$2:$S$15000,"Sital Prasad Nandi",'WH+RT PREVIOUS'!$N$2:$N$15000,">365") -> 0 | H19: =SUMIFS('WH+RT PREVIOUS'!$M$2:$M$15000,'WH+RT PREVIOUS'!$B$2:$B$15000,"Imp 10-26-26",'WH+RT PREVIOUS'!$S$2:$S$15000,"Sital Prasad Nandi",'WH+RT PREVIOUS'!$N$2:$N$15000,">365") -> 1.75 | I19: =SUMIFS('WH+RT PREVIOUS'!$M$2:$M$15000,'WH+RT PREVIOUS'!$B$2:$B$15000,"MOP",'WH+RT PREVIOUS'!$S$2:$S$15000,"Sital Prasad Nandi",'WH+RT PREVIOUS'!$N$2:$N$15000,">365") -> 0 | J19: =SUMIFS('WH+RT PREVIOUS'!$M$2:$M$15000,'WH+RT PREVIOUS'!$B$2:$B$15000,"Imp DAP",'WH+RT PREVIOUS'!$S$2:$S$15000,"Sital Prasad Nandi",'WH+RT PREVIOUS'!$N$2:$N$15000,">365") -> 0 | K19: =F19+G19+H19+I19+J19 -> 1.75 | L19: =SUMIFS('WH+RT CURRENT'!$M$2:$M$15000,'WH+RT CURRENT'!$B$2:$B$15000,"N.C.Urea(45kg)",'WH+RT CURRENT'!$S$2:$S$15000,"Sital Prasad Nandi",'WH+RT CURRENT'!$N$2:$N$15000,">365") -> 0 | M19: =SUMIFS('WH+RT CURRENT'!$M$2:$M$15000,'WH+RT CURRENT'!$B$2:$B$15000,"15-15-15",'WH+RT CURRENT'!$S$2:$S$15000,"Sital Prasad Nandi",'WH+RT CURRENT'!$N$2:$N$15000,">365") -> 0 | N19: =SUMIFS('WH+RT CURRENT'!$M$2:$M$15000,'WH+RT CURRENT'!$B$2:$B$15000,"Imp 10-26-26",'WH+RT CURRENT'!$S$2:$S$15000,"Sital Prasad Nandi",'WH+RT CURRENT'!$N$2:$N$15000,">365") -> 1.75 | O19: =SUMIFS('WH+RT CURRENT'!$M$2:$M$15000,'WH+RT CURRENT'!$B$2:$B$15000,"MOP",'WH+RT CURRENT'!$S$2:$S$15000,"Sital Prasad Nandi",'WH+RT CURRENT'!$N$2:$N$15000,">365") -> 0 | P19: =SUMIFS('WH+RT CURRENT'!$M$2:$M$15000,'WH+RT CURRENT'!$B$2:$B$15000,"Imp DAP",'WH+RT CURRENT'!$S$2:$S$15000,"Sital Prasad Nandi",'WH+RT CURRENT'!$N$2:$N$15000,">365") -> 0 | Q19: =L19+M19+N19+O19+P19 -> 1.75
E20: GRAND TOTAL | F20: =F18+F19 -> 0 | G20: =G18+G19 -> 0 | H20: =H18+H19 -> 1.75 | I20: =I18+I19 -> 0 | J20: =J18+J19 -> 0 | K20: =F20+G20+H20+I20+J20 -> 1.75 | L20: =L18+L19 -> 0 | M20: =M18+M19 -> 0 | N20: =N18+N19 -> 1.75 | O20: =O18+O19 -> 0 | P20: =P18+P19 -> 0 | Q20: =L20+M20+N20+O20+P20 -> 1.75
E21: TOTAL STOCK | F21: =SUMIFS('WH+RT PREVIOUS'!$M$2:$M$15000,'WH+RT PREVIOUS'!$B$2:$B$15000,"N.C.Urea(45kg)",'WH+RT PREVIOUS'!$S$2:$S$15000,"Sital Prasad Nandi") -> 0 | G21: =SUMIFS('WH+RT PREVIOUS'!$M$2:$M$15000,'WH+RT PREVIOUS'!$B$2:$B$15000,"15-15-15",'WH+RT PREVIOUS'!$S$2:$S$15000,"Sital Prasad Nandi") -> 0 | H21: =SUMIFS('WH+RT PREVIOUS'!$M$2:$M$15000,'WH+RT PREVIOUS'!$B$2:$B$15000,"Imp 10-26-26",'WH+RT PREVIOUS'!$S$2:$S$15000,"Sital Prasad Nandi") -> 1.75 | I21: =SUMIFS('WH+RT PREVIOUS'!$M$2:$M$15000,'WH+RT PREVIOUS'!$B$2:$B$15000,"MOP",'WH+RT PREVIOUS'!$S$2:$S$15000,"Sital Prasad Nandi") -> 0 | J21: =SUMIFS('WH+RT PREVIOUS'!$M$2:$M$15000,'WH+RT PREVIOUS'!$B$2:$B$15000,"Imp DAP",'WH+RT PREVIOUS'!$S$2:$S$15000,"Sital Prasad Nandi") -> 0 | K21: =F21+G21+H21+I21+J21 -> 1.75 | L21: =SUMIFS('WH+RT CURRENT'!$M$2:$M$15000,'WH+RT CURRENT'!$B$2:$B$15000,"N.C.Urea(45kg)",'WH+RT CURRENT'!$S$2:$S$15000,"Sital Prasad Nandi") -> 0 | M21: =SUMIFS('WH+RT CURRENT'!$M$2:$M$15000,'WH+RT CURRENT'!$B$2:$B$15000,"15-15-15",'WH+RT CURRENT'!$S$2:$S$15000,"Sital Prasad Nandi") -> 0 | N21: =SUMIFS('WH+RT CURRENT'!$M$2:$M$15000,'WH+RT CURRENT'!$B$2:$B$15000,"Imp 10-26-26",'WH+RT CURRENT'!$S$2:$S$15000,"Sital Prasad Nandi") -> 1.75 | O21: =SUMIFS('WH+RT CURRENT'!$M$2:$M$15000,'WH+RT CURRENT'!$B$2:$B$15000,"MOP",'WH+RT CURRENT'!$S$2:$S$15000,"Sital Prasad Nandi") -> 0 | P21: =SUMIFS('WH+RT CURRENT'!$M$2:$M$15000,'WH+RT CURRENT'!$B$2:$B$15000,"Imp DAP",'WH+RT CURRENT'!$S$2:$S$15000,"Sital Prasad Nandi") -> 0 | Q21: =L21+M21+N21+O21+P21 -> 1.75

Sheet Bardhaman
E1: Bardhaman | R1: Total | S1: 4
E6: M/s. Bimal Kumar Laha
F7: Previous | L7: Current
F8: UREA | G8: S-15 | H8: 10-26-26 | I8: MOP | J8: DAP | K8: TOTAL | L8: UREA | M8: S-15 | N8: 10-26-26 | O8: MOP | P8: DAP | Q8: TOTAL
E9: 181-365 | F9: =SUMIFS('WH+RT PREVIOUS'!$M$2:$M$15000,'WH+RT PREVIOUS'!$B$2:$B$15000,"N.C.Urea(45kg)",'WH+RT PREVIOUS'!$S$2:$S$15000,"M/s. Bimal Kumar Laha",'WH+RT PREVIOUS'!$N$2:$N$15000,">179",'WH+RT PREVIOUS'!$N$2:$N$15000,"<366") -> 18.765 | G9: =SUMIFS('WH+RT PREVIOUS'!$M$2:$M$15000,'WH+RT PREVIOUS'!$B$2:$B$15000,"15-15-15",'WH+RT PREVIOUS'!$S$2:$S$15000,"M/s. Bimal Kumar Laha",'WH+RT PREVIOUS'!$N$2:$N$15000,">179",'WH+RT PREVIOUS'!$N$2:$N$15000,"<366") -> 24.5 | H9: =SUMIFS('WH+RT PREVIOUS'!$M$2:$M$15000,'WH+RT PREVIOUS'!$B$2:$B$15000,"Imp 10-26-26",'WH+RT PREVIOUS'!$S$2:$S$15000,"M/s. Bimal Kumar Laha",'WH+RT PREVIOUS'!$N$2:$N$15000,">179",'WH+RT PREVIOUS'!$N$2:$N$15000,"<366") -> 1 | I9: =SUMIFS('WH+RT PREVIOUS'!$M$2:$M$15000,'WH+RT PREVIOUS'!$B$2:$B$15000,"MOP",'WH+RT PREVIOUS'!$S$2:$S$15000,"M/s. Bimal Kumar Laha",'WH+RT PREVIOUS'!$N$2:$N$15000,">179",'WH+RT PREVIOUS'!$N$2:$N$15000,"<366") -> 0 | J9: =SUMIFS('WH+RT PREVIOUS'!$M$2:$M$15000,'WH+RT PREVIOUS'!$B$2:$B$15000,"Imp DAP",'WH+RT PREVIOUS'!$S$2:$S$15000,"M/s. Bimal Kumar Laha",'WH+RT PREVIOUS'!$N$2:$N$15000,">179",'WH+RT PREVIOUS'!$N$2:$N$15000,"<366") -> 0 | K9: =F9+G9+H9+I9+J9 -> 44.265 | L9: =SUMIFS('WH+RT CURRENT'!$M$2:$M$15000,'WH+RT CURRENT'!$B$2:$B$15000,"N.C.Urea(45kg)",'WH+RT CURRENT'!$S$2:$S$15000,"M/s. Bimal Kumar Laha",'WH+RT CURRENT'!$N$2:$N$15000,">179",'WH+RT CURRENT'!$N$2:$N$15000,"<366") -> 15.21 | M9: =SUMIFS('WH+RT CURRENT'!$M$2:$M$15000,'WH+RT CURRENT'!$B$2:$B$15000,"15-15-15",'WH+RT CURRENT'!$S$2:$S$15000,"M/s. Bimal Kumar Laha",'WH+RT CURRENT'!$N$2:$N$15000,">179",'WH+RT CURRENT'!$N$2:$N$15000,"<366") -> 8.5 | N9: =SUMIFS('WH+RT CURRENT'!$M$2:$M$15000,'WH+RT CURRENT'!$B$2:$B$15000,"Imp 10-26-26",'WH+RT CURRENT'!$S$2:$S$15000,"M/s. Bimal Kumar Laha",'WH+RT CURRENT'!$N$2:$N$15000,">179",'WH+RT CURRENT'!$N$2:$N$15000,"<366") -> 0 | O9: =SUMIFS('WH+RT CURRENT'!$M$2:$M$15000,'WH+RT CURRENT'!$B$2:$B$15000,"MOP",'WH+RT CURRENT'!$S$2:$S$15000,"M/s. Bimal Kumar Laha",'WH+RT CURRENT'!$N$2:$N$15000,">179",'WH+RT CURRENT'!$N$2:$N$15000,"<366") -> 0 | P9: =SUMIFS('WH+RT CURRENT'!$M$2:$M$15000,'WH+RT CURRENT'!$B$2:$B$15000,"Imp DAP",'WH+RT CURRENT'!$S$2:$S$15000,"M/s. Bimal Kumar Laha",'WH+RT CURRENT'!$N$2:$N$15000,">179",'WH+RT CURRENT'!$N$2:$N$15000,"<366") -> 0 | Q9: =L9+M9+N9+O9+P9 -> 23.71
E10: 366+ | F10: =SUMIFS('WH+RT PREVIOUS'!$M$2:$M$15000,'WH+RT PREVIOUS'!$B$2:$B$15000,"N.C.Urea(45kg)",'WH+RT PREVIOUS'!$S$2:$S$15000,"M/s. Bimal Kumar Laha",'WH+RT PREVIOUS'!$N$2:$N$15000,">365") -> 0 | G10: =SUMIFS('WH+RT PREVIOUS'!$M$2:$M$15000,'WH+RT PREVIOUS'!$B$2:$B$15000,"15-15-15",'WH+RT PREVIOUS'!$S$2:$S$15000,"M/s. Bimal Kumar Laha",'WH+RT PREVIOUS'!$N$2:$N$15000,">365") -> 3.9 | H10: =SUMIFS('WH+RT PREVIOUS'!$M$2:$M$15000,'WH+RT PREVIOUS'!$B$2:$B$15000,"Imp 10-26-26",'WH+RT PREVIOUS'!$S$2:$S$15000,"M/s. Bimal Kumar Laha",'WH+RT PREVIOUS'!$N$2:$N$15000,">365") -> 0 | I10: =SUMIFS('WH+RT PREVIOUS'!$M$2:$M$15000,'WH+RT PREVIOUS'!$B$2:$B$15000,"MOP",'WH+RT PREVIOUS'!$S$2:$S$15000,"M/s. Bimal Kumar Laha",'WH+RT PREVIOUS'!$N$2:$N$15000,">365") -> 0 | J10: =SUMIFS('WH+RT PREVIOUS'!$M$2:$M$15000,'WH+RT PREVIOUS'!$B$2:$B$15000,"Imp DAP",'WH+RT PREVIOUS'!$S$2:$S$15000,"M/s. Bimal Kumar Laha",'WH+RT PREVIOUS'!$N$2:$N$15000,">365") -> 0 | K10: =F10+G10+H10+I10+J10 -> 3.9 | L10: =SUMIFS('WH+RT CURRENT'!$M$2:$M$15000,'WH+RT CURRENT'!$B$2:$B$15000,"N.C.Urea(45kg)",'WH+RT CURRENT'!$S$2:$S$15000,"M/s. Bimal Kumar Laha",'WH+RT CURRENT'!$N$2:$N$15000,">365") -> 0 | M10: =SUMIFS('WH+RT CURRENT'!$M$2:$M$15000,'WH+RT CURRENT'!$B$2:$B$15000,"15-15-15",'WH+RT CURRENT'!$S$2:$S$15000,"M/s. Bimal Kumar Laha",'WH+RT CURRENT'!$N$2:$N$15000,">365") -> 0.9 | N10: =SUMIFS('WH+RT CURRENT'!$M$2:$M$15000,'WH+RT CURRENT'!$B$2:$B$15000,"Imp 10-26-26",'WH+RT CURRENT'!$S$2:$S$15000,"M/s. Bimal Kumar Laha",'WH+RT CURRENT'!$N$2:$N$15000,">365") -> 0 | O10: =SUMIFS('WH+RT CURRENT'!$M$2:$M$15000,'WH+RT CURRENT'!$B$2:$B$15000,"MOP",'WH+RT CURRENT'!$S$2:$S$15000,"M/s. Bimal Kumar Laha",'WH+RT CURRENT'!$N$2:$N$15000,">365") -> 0 | P10: =SUMIFS('WH+RT CURRENT'!$M$2:$M$15000,'WH+RT CURRENT'!$B$2:$B$15000,"Imp DAP",'WH+RT CURRENT'!$S$2:$S$15000,"M/s. Bimal Kumar Laha",'WH+RT CURRENT'!$N$2:$N$15000,">365") -> 0 | Q10: =L10+M10+N10+O10+P10 -> 0.9
E11: GRAND TOTAL | F11: =F9+F10 -> 18.765 | G11: =G9+G10 -> 28.4 | H11: =H9+H10 -> 1 | I11: =I9+I10 -> 0 | J11: =J9+J10 -> 0 | K11: =F11+G11+H11+I11+J11 -> 48.165 | L11: =L9+L10 -> 15.21 | M11: =M9+M10 -> 9.4 | N11: =N9+N10 -> 0 | O11: =O9+O10 -> 0 | P11: =P9+P10 -> 0 | Q11: =L11+M11+N11+O11+P11 -> 24.61
E12: TOTAL STOCK | F12: =SUMIFS('WH+RT PREVIOUS'!$M$2:$M$15000,'WH+RT PREVIOUS'!$B$2:$B$15000,"N.C.Urea(45kg)",'WH+RT PREVIOUS'!$S$2:$S$15000,"M/s. Bimal Kumar Laha") -> 289.485 | G12: =SUMIFS('WH+RT PREVIOUS'!$M$2:$M$15000,'WH+RT PREVIOUS'!$B$2:$B$15000,"15-15-15",'WH+RT PREVIOUS'!$S$2:$S$15000,"M/s. Bimal Kumar Laha") -> 74.55 | H12: =SUMIFS('WH+RT PREVIOUS'!$M$2:$M$15000,'WH+RT PREVIOUS'!$B$2:$B$15000,"Imp 10-26-26",'WH+RT PREVIOUS'!$S$2:$S$15000,"M/s. Bimal Kumar Laha") -> 147.35 | I12: =SUMIFS('WH+RT PREVIOUS'!$M$2:$M$15000,'WH+RT PREVIOUS'!$B$2:$B$15000,"MOP",'WH+RT PREVIOUS'!$S$2:$S$15000,"M/s. Bimal Kumar Laha") -> 0 | J12: =SUMIFS('WH+RT PREVIOUS'!$M$2:$M$15000,'WH+RT PREVIOUS'!$B$2:$B$15000,"Imp DAP",'WH+RT PREVIOUS'!$S$2:$S$15000,"M/s. Bimal Kumar Laha") -> 0 | K12: =F12+G12+H12+I12+J12 -> 511.385 | L12: =SUMIFS('WH+RT CURRENT'!$M$2:$M$15000,'WH+RT CURRENT'!$B$2:$B$15000,"N.C.Urea(45kg)",'WH+RT CURRENT'!$S$2:$S$15000,"M/s. Bimal Kumar Laha") -> 270.855 | M12: =SUMIFS('WH+RT CURRENT'!$M$2:$M$15000,'WH+RT CURRENT'!$B$2:$B$15000,"15-15-15",'WH+RT CURRENT'!$S$2:$S$15000,"M/s. Bimal Kumar Laha") -> 41.4 | N12: =SUMIFS('WH+RT CURRENT'!$M$2:$M$15000,'WH+RT CURRENT'!$B$2:$B$15000,"Imp 10-26-26",'WH+RT CURRENT'!$S$2:$S$15000,"M/s. Bimal Kumar Laha") -> 118.2 | O12: =SUMIFS('WH+RT CURRENT'!$M$2:$M$15000,'WH+RT CURRENT'!$B$2:$B$15000,"MOP",'WH+RT CURRENT'!$S$2:$S$15000,"M/s. Bimal Kumar Laha") -> 0 | P12: =SUMIFS('WH+RT CURRENT'!$M$2:$M$15000,'WH+RT CURRENT'!$B$2:$B$15000,"Imp DAP",'WH+RT CURRENT'!$S$2:$S$15000,"M/s. Bimal Kumar Laha") -> 0 | Q12: =L12+M12+N12+O12+P12 -> 430.455
E15: M/s. S.Sikdar and Co.
F16: Previous | L16: Current
F17: UREA | G17: S-15 | H17: 10-26-26 | I17: MOP | J17: DAP | K17: TOTAL | L17: UREA | M17: S-15 | N17: 10-26-26 | O17: MOP | P17: DAP | Q17: TOTAL
E18: 181-365 | F18: =SUMIFS('WH+RT PREVIOUS'!$M$2:$M$15000,'WH+RT PREVIOUS'!$B$2:$B$15000,"N.C.Urea(45kg)",'WH+RT PREVIOUS'!$S$2:$S$15000,"M/s. S.Sikdar and Co.",'WH+RT PREVIOUS'!$N$2:$N$15000,">179",'WH+RT PREVIOUS'!$N$2:$N$15000,"<366") -> 0 | G18: =SUMIFS('WH+RT PREVIOUS'!$M$2:$M$15000,'WH+RT PREVIOUS'!$B$2:$B$15000,"15-15-15",'WH+RT PREVIOUS'!$S$2:$S$15000,"M/s. S.Sikdar and Co.",'WH+RT PREVIOUS'!$N$2:$N$15000,">179",'WH+RT PREVIOUS'!$N$2:$N$15000,"<366") -> 4.5 | H18: =SUMIFS('WH+RT PREVIOUS'!$M$2:$M$15000,'WH+RT PREVIOUS'!$B$2:$B$15000,"Imp 10-26-26",'WH+RT PREVIOUS'!$S$2:$S$15000,"M/s. S.Sikdar and Co.",'WH+RT PREVIOUS'!$N$2:$N$15000,">179",'WH+RT PREVIOUS'!$N$2:$N$15000,"<366") -> 5 | I18: =SUMIFS('WH+RT PREVIOUS'!$M$2:$M$15000,'WH+RT PREVIOUS'!$B$2:$B$15000,"MOP",'WH+RT PREVIOUS'!$S$2:$S$15000,"M/s. S.Sikdar and Co.",'WH+RT PREVIOUS'!$N$2:$N$15000,">179",'WH+RT PREVIOUS'!$N$2:$N$15000,"<366") -> 0 | J18: =SUMIFS('WH+RT PREVIOUS'!$M$2:$M$15000,'WH+RT PREVIOUS'!$B$2:$B$15000,"Imp DAP",'WH+RT PREVIOUS'!$S$2:$S$15000,"M/s. S.Sikdar and Co.",'WH+RT PREVIOUS'!$N$2:$N$15000,">179",'WH+RT PREVIOUS'!$N$2:$N$15000,"<366") -> 0 | K18: =F18+G18+H18+I18+J18 -> 9.5 | L18: =SUMIFS('WH+RT CURRENT'!$M$2:$M$15000,'WH+RT CURRENT'!$B$2:$B$15000,"N.C.Urea(45kg)",'WH+RT CURRENT'!$S$2:$S$15000,"M/s. S.Sikdar and Co.",'WH+RT CURRENT'!$N$2:$N$15000,">179",'WH+RT CURRENT'!$N$2:$N$15000,"<366") -> 0 | M18: =SUMIFS('WH+RT CURRENT'!$M$2:$M$15000,'WH+RT CURRENT'!$B$2:$B$15000,"15-15-15",'WH+RT CURRENT'!$S$2:$S$15000,"M/s. S.Sikdar and Co.l",'WH+RT CURRENT'!$N$2:$N$15000,">179",'WH+RT CURRENT'!$N$2:$N$15000,"<366") -> 0 | N18: =SUMIFS('WH+RT CURRENT'!$M$2:$M$15000,'WH+RT CURRENT'!$B$2:$B$15000,"Imp 10-26-26",'WH+RT CURRENT'!$S$2:$S$15000,"M/s. S.Sikdar and Co.",'WH+RT CURRENT'!$N$2:$N$15000,">179",'WH+RT CURRENT'!$N$2:$N$15000,"<366") -> 5 | O18: =SUMIFS('WH+RT CURRENT'!$M$2:$M$15000,'WH+RT CURRENT'!$B$2:$B$15000,"MOP",'WH+RT CURRENT'!$S$2:$S$15000,"M/s. S.Sikdar and Co.",'WH+RT CURRENT'!$N$2:$N$15000,">179",'WH+RT CURRENT'!$N$2:$N$15000,"<366") -> 0 | P18: =SUMIFS('WH+RT CURRENT'!$M$2:$M$15000,'WH+RT CURRENT'!$B$2:$B$15000,"Imp DAP",'WH+RT CURRENT'!$S$2:$S$15000,"M/s. S.Sikdar and Co.",'WH+RT CURRENT'!$N$2:$N$15000,">179",'WH+RT CURRENT'!$N$2:$N$15000,"<366") -> 0 | Q18: =L18+M18+N18+O18+P18 -> 5
E19: 366+ | F19: =SUMIFS('WH+RT PREVIOUS'!$M$2:$M$15000,'WH+RT PREVIOUS'!$B$2:$B$15000,"N.C.Urea(45kg)",'WH+RT PREVIOUS'!$S$2:$S$15000,"M/s. S.Sikdar and Co.",'WH+RT PREVIOUS'!$N$2:$N$15000,">365") -> 3.825 | G19: =SUMIFS('WH+RT PREVIOUS'!$M$2:$M$15000,'WH+RT PREVIOUS'!$B$2:$B$15000,"15-15-15",'WH+RT PREVIOUS'!$S$2:$S$15000,"M/s. S.Sikdar and Co.",'WH+RT PREVIOUS'!$N$2:$N$15000,">365") -> 0 | H19: =SUMIFS('WH+RT PREVIOUS'!$M$2:$M$15000,'WH+RT PREVIOUS'!$B$2:$B$15000,"Imp 10-26-26",'WH+RT PREVIOUS'!$S$2:$S$15000,"M/s. S.Sikdar and Co.",'WH+RT PREVIOUS'!$N$2:$N$15000,">365") -> 0 | I19: =SUMIFS('WH+RT PREVIOUS'!$M$2:$M$15000,'WH+RT PREVIOUS'!$B$2:$B$15000,"MOP",'WH+RT PREVIOUS'!$S$2:$S$15000,"M/s. S.Sikdar and Co.",'WH+RT PREVIOUS'!$N$2:$N$15000,">365") -> 0 | J19: =SUMIFS('WH+RT PREVIOUS'!$M$2:$M$15000,'WH+RT PREVIOUS'!$B$2:$B$15000,"Imp DAP",'WH+RT PREVIOUS'!$S$2:$S$15000,"M/s. S.Sikdar and Co.",'WH+RT PREVIOUS'!$N$2:$N$15000,">365") -> 0 | K19: =F19+G19+H19+I19+J19 -> 3.825 | L19: =SUMIFS('WH+RT CURRENT'!$M$2:$M$15000,'WH+RT CURRENT'!$B$2:$B$15000,"N.C.Urea(45kg)",'WH+RT CURRENT'!$S$2:$S$15000,"M/s. S.Sikdar and Co.",'WH+RT CURRENT'!$N$2:$N$15000,">365") -> 3.825 | M19: =SUMIFS('WH+RT CURRENT'!$M$2:$M$15000,'WH+RT CURRENT'!$B$2:$B$15000,"15-15-15",'WH+RT CURRENT'!$S$2:$S$15000,"M/s. S.Sikdar and Co.",'WH+RT CURRENT'!$N$2:$N$15000,">365") -> 0 | N19: =SUMIFS('WH+RT CURRENT'!$M$2:$M$15000,'WH+RT CURRENT'!$B$2:$B$15000,"Imp 10-26-26",'WH+RT CURRENT'!$S$2:$S$15000,"M/s. S.Sikdar and Co.",'WH+RT CURRENT'!$N$2:$N$15000,">365") -> 0 | O19: =SUMIFS('WH+RT CURRENT'!$M$2:$M$15000,'WH+RT CURRENT'!$B$2:$B$15000,"MOP",'WH+RT CURRENT'!$S$2:$S$15000,"M/s. S.Sikdar and Co.",'WH+RT CURRENT'!$N$2:$N$15000,">365") -> 0 | P19: =SUMIFS('WH+RT CURRENT'!$M$2:$M$15000,'WH+RT CURRENT'!$B$2:$B$15000,"Imp DAP",'WH+RT CURRENT'!$S$2:$S$15000,"M/s. S.Sikdar and Co.",'WH+RT CURRENT'!$N$2:$N$15000,">365") -> 0 | Q19: =L19+M19+N19+O19+P19 -> 3.825
E20: GRAND TOTAL | F20: =F18+F19 -> 3.825 | G20: =G18+G19 -> 4.5 | H20: =H18+H19 -> 5 | I20: =I18+I19 -> 0 | J20: =J18+J19 -> 0 | K20: =F20+G20+H20+I20+J20 -> 13.325 | L20: =L18+L19 -> 3.825 | M20: =M18+M19 -> 0 | N20: =N18+N19 -> 5 | O20: =O18+O19 -> 0 | P20: =P18+P19 -> 0 | Q20: =L20+M20+N20+O20+P20 -> 8.825
E21: TOTAL STOCK | F21: =SUMIFS('WH+RT PREVIOUS'!$M$2:$M$15000,'WH+RT PREVIOUS'!$B$2:$B$15000,"N.C.Urea(45kg)",'WH+RT PREVIOUS'!$S$2:$S$15000,"M/s. S.Sikdar and Co.") -> 29.07 | G21: =SUMIFS('WH+RT PREVIOUS'!$M$2:$M$15000,'WH+RT PREVIOUS'!$B$2:$B$15000,"15-15-15",'WH+RT PREVIOUS'!$S$2:$S$15000,"M/s. S.Sikdar and Co.") -> 12.3 | H21: =SUMIFS('WH+RT PREVIOUS'!$M$2:$M$15000,'WH+RT PREVIOUS'!$B$2:$B$15000,"Imp 10-26-26",'WH+RT PREVIOUS'!$S$2:$S$15000,"M/s. S.Sikdar and Co.") -> 26.35 | I21: =SUMIFS('WH+RT PREVIOUS'!$M$2:$M$15000,'WH+RT PREVIOUS'!$B$2:$B$15000,"MOP",'WH+RT PREVIOUS'!$S$2:$S$15000,"M/s. S.Sikdar and Co.") -> 11.2 | J21: =SUMIFS('WH+RT PREVIOUS'!$M$2:$M$15000,'WH+RT PREVIOUS'!$B$2:$B$15000,"Imp DAP",'WH+RT PREVIOUS'!$S$2:$S$15000,"M/s. S.Sikdar and Co.") -> 0 | K21: =F21+G21+H21+I21+J21 -> 78.92 | L21: =SUMIFS('WH+RT CURRENT'!$M$2:$M$15000,'WH+RT CURRENT'!$B$2:$B$15000,"N.C.Urea(45kg)",'WH+RT CURRENT'!$S$2:$S$15000,"M/s. S.Sikdar and Co.") -> 28.44 | M21: =SUMIFS('WH+RT CURRENT'!$M$2:$M$15000,'WH+RT CURRENT'!$B$2:$B$15000,"15-15-15",'WH+RT CURRENT'!$S$2:$S$15000,"M/s. S.Sikdar and Co.") -> 12.3 | N21: =SUMIFS('WH+RT CURRENT'!$M$2:$M$15000,'WH+RT CURRENT'!$B$2:$B$15000,"Imp 10-26-26",'WH+RT CURRENT'!$S$2:$S$15000,"M/s. S.Sikdar and Co.") -> 26.35 | O21: =SUMIFS('WH+RT CURRENT'!$M$2:$M$15000,'WH+RT CURRENT'!$B$2:$B$15000,"MOP",'WH+RT CURRENT'!$S$2:$S$15000,"M/s. S.Sikdar and Co.") -> 11.2 | P21: =SUMIFS('WH+RT CURRENT'!$M$2:$M$15000,'WH+RT CURRENT'!$B$2:$B$15000,"Imp DAP",'WH+RT CURRENT'!$S$2:$S$15000,"M/s. S.Sikdar and Co.") -> 0 | Q21: =L21+M21+N21+O21+P21 -> 78.29
E24: MANIK LAL PAL
F25: Previous | L25: Current
F26: UREA | G26: S-15 | H26: 10-26-26 | I26: MOP | J26: DAP | K26: TOTAL | L26: UREA | M26: S-15 | N26: 10-26-26 | O26: MOP | P26: DAP | Q26: TOTAL
E27: 181-365 | F27: =SUMIFS('WH+RT PREVIOUS'!$M$2:$M$15000,'WH+RT PREVIOUS'!$B$2:$B$15000,"N.C.Urea(45kg)",'WH+RT PREVIOUS'!$S$2:$S$15000,"MANIK LAL PAL",'WH+RT PREVIOUS'!$N$2:$N$15000,">179",'WH+RT PREVIOUS'!$N$2:$N$15000,"<366") -> 0 | G27: =SUMIFS('WH+RT PREVIOUS'!$M$2:$M$15000,'WH+RT PREVIOUS'!$B$2:$B$15000,"15-15-15",'WH+RT PREVIOUS'!$S$2:$S$15000,"MANIK LAL PAL",'WH+RT PREVIOUS'!$N$2:$N$15000,">179",'WH+RT PREVIOUS'!$N$2:$N$15000,"<366") -> 0 | H27: =SUMIFS('WH+RT PREVIOUS'!$M$2:$M$15000,'WH+RT PREVIOUS'!$B$2:$B$15000,"Imp 10-26-26",'WH+RT PREVIOUS'!$S$2:$S$15000,"MANIK LAL PAL",'WH+RT PREVIOUS'!$N$2:$N$15000,">179",'WH+RT PREVIOUS'!$N$2:$N$15000,"<366") -> 0 | I27: =SUMIFS('WH+RT PREVIOUS'!$M$2:$M$15000,'WH+RT PREVIOUS'!$B$2:$B$15000,"MOP",'WH+RT PREVIOUS'!$S$2:$S$15000,"MANIK LAL PAL",'WH+RT PREVIOUS'!$N$2:$N$15000,">179",'WH+RT PREVIOUS'!$N$2:$N$15000,"<366") -> 0 | J27: =SUMIFS('WH+RT PREVIOUS'!$M$2:$M$15000,'WH+RT PREVIOUS'!$B$2:$B$15000,"Imp DAP",'WH+RT PREVIOUS'!$S$2:$S$15000,"MANIK LAL PAL",'WH+RT PREVIOUS'!$N$2:$N$15000,">179",'WH+RT PREVIOUS'!$N$2:$N$15000,"<366") -> 0 | K27: =F27+G27+H27+I27+J27 -> 0 | L27: =SUMIFS('WH+RT CURRENT'!$M$2:$M$15000,'WH+RT CURRENT'!$B$2:$B$15000,"N.C.Urea(45kg)",'WH+RT CURRENT'!$S$2:$S$15000,"MANIK LAL PAL",'WH+RT CURRENT'!$N$2:$N$15000,">179",'WH+RT CURRENT'!$N$2:$N$15000,"<366") -> 0 | M27: =SUMIFS('WH+RT CURRENT'!$M$2:$M$15000,'WH+RT CURRENT'!$B$2:$B$15000,"15-15-15",'WH+RT CURRENT'!$S$2:$S$15000,"MANIK LAL PAL",'WH+RT CURRENT'!$N$2:$N$15000,">179",'WH+RT CURRENT'!$N$2:$N$15000,"<366") -> 0 | N27: =SUMIFS('WH+RT CURRENT'!$M$2:$M$15000,'WH+RT CURRENT'!$B$2:$B$15000,"Imp 10-26-26",'WH+RT CURRENT'!$S$2:$S$15000,"MANIK LAL PAL",'WH+RT CURRENT'!$N$2:$N$15000,">179",'WH+RT CURRENT'!$N$2:$N$15000,"<366") -> 0 | O27: =SUMIFS('WH+RT CURRENT'!$M$2:$M$15000,'WH+RT CURRENT'!$B$2:$B$15000,"MOP",'WH+RT CURRENT'!$S$2:$S$15000,"MANIK LAL PALl",'WH+RT CURRENT'!$N$2:$N$15000,">179",'WH+RT CURRENT'!$N$2:$N$15000,"<366") -> 0 | P27: =SUMIFS('WH+RT CURRENT'!$M$2:$M$15000,'WH+RT CURRENT'!$B$2:$B$15000,"Imp DAP",'WH+RT CURRENT'!$S$2:$S$15000,"MANIK LAL PAL",'WH+RT CURRENT'!$N$2:$N$15000,">179",'WH+RT CURRENT'!$N$2:$N$15000,"<366") -> 0 | Q27: =L27+M27+N27+O27+P27 -> 0
E28: 366+ | F28: =SUMIFS('WH+RT PREVIOUS'!$M$2:$M$15000,'WH+RT PREVIOUS'!$B$2:$B$15000,"N.C.Urea(45kg)",'WH+RT PREVIOUS'!$S$2:$S$15000,"MANIK LAL PAL",'WH+RT PREVIOUS'!$N$2:$N$15000,">365") -> 0 | G28: =SUMIFS('WH+RT PREVIOUS'!$M$2:$M$15000,'WH+RT PREVIOUS'!$B$2:$B$15000,"15-15-15",'WH+RT PREVIOUS'!$S$2:$S$15000,"MANIK LAL PAL",'WH+RT PREVIOUS'!$N$2:$N$15000,">365") -> 0 | H28: =SUMIFS('WH+RT PREVIOUS'!$M$2:$M$15000,'WH+RT PREVIOUS'!$B$2:$B$15000,"Imp 10-26-26",'WH+RT PREVIOUS'!$S$2:$S$15000,"MANIK LAL PAL",'WH+RT PREVIOUS'!$N$2:$N$15000,">365") -> 0 | I28: =SUMIFS('WH+RT PREVIOUS'!$M$2:$M$15000,'WH+RT PREVIOUS'!$B$2:$B$15000,"MOP",'WH+RT PREVIOUS'!$S$2:$S$15000,"MANIK LAL PAL",'WH+RT PREVIOUS'!$N$2:$N$15000,">365") -> 0 | J28: =SUMIFS('WH+RT PREVIOUS'!$M$2:$M$15000,'WH+RT PREVIOUS'!$B$2:$B$15000,"Imp DAP",'WH+RT PREVIOUS'!$S$2:$S$15000,"MANIK LAL PAL",'WH+RT PREVIOUS'!$N$2:$N$15000,">365") -> 0 | K28: =F28+G28+H28+I28+J28 -> 0 | L28: =SUMIFS('WH+RT CURRENT'!$M$2:$M$15000,'WH+RT CURRENT'!$B$2:$B$15000,"N.C.Urea(45kg)",'WH+RT CURRENT'!$S$2:$S$15000,"MANIK LAL PAL",'WH+RT CURRENT'!$N$2:$N$15000,">365") -> 0 | M28: =SUMIFS('WH+RT CURRENT'!$M$2:$M$15000,'WH+RT CURRENT'!$B$2:$B$15000,"15-15-15",'WH+RT CURRENT'!$S$2:$S$15000,"MANIK LAL PAL",'WH+RT CURRENT'!$N$2:$N$15000,">365") -> 0 | N28: =SUMIFS('WH+RT CURRENT'!$M$2:$M$15000,'WH+RT CURRENT'!$B$2:$B$15000,"Imp 10-26-26",'WH+RT CURRENT'!$S$2:$S$15000,"MANIK LAL PAL",'WH+RT CURRENT'!$N$2:$N$15000,">365") -> 0 | O28: =SUMIFS('WH+RT CURRENT'!$M$2:$M$15000,'WH+RT CURRENT'!$B$2:$B$15000,"MOP",'WH+RT CURRENT'!$S$2:$S$15000,"MANIK LAL PAL",'WH+RT CURRENT'!$N$2:$N$15000,">365") -> 0 | P28: =SUMIFS('WH+RT CURRENT'!$M$2:$M$15000,'WH+RT CURRENT'!$B$2:$B$15000,"Imp DAP",'WH+RT CURRENT'!$S$2:$S$15000,"MANIK LAL PAL",'WH+RT CURRENT'!$N$2:$N$15000,">365") -> 0 | Q28: =L28+M28+N28+O28+P28 -> 0
E29: GRAND TOTAL | F29: =F27+F28 -> 0 | G29: =G27+G28 -> 0 | H29: =H27+H28 -> 0 | I29: =I27+I28 -> 0 | J29: =J27+J28 -> 0 | K29: =F29+G29+H29+I29+J29 -> 0 | L29: =L27+L28 -> 0 | M29: =M27+M28 -> 0 | N29: =N27+N28 -> 0 | O29: =O27+O28 -> 0 | P29: =P27+P28 -> 0 | Q29: =L29+M29+N29+O29+P29 -> 0
E30: TOTAL STOCK | F30: =SUMIFS('WH+RT PREVIOUS'!$M$2:$M$15000,'WH+RT PREVIOUS'!$B$2:$B$15000,"N.C.Urea(45kg)",'WH+RT PREVIOUS'!$S$2:$S$15000,"MANIK LAL PAL") -> 10.515 | G30: =SUMIFS('WH+RT PREVIOUS'!$M$2:$M$15000,'WH+RT PREVIOUS'!$B$2:$B$15000,"15-15-15",'WH+RT PREVIOUS'!$S$2:$S$15000,"MANIK LAL PAL") -> 0 | H30: =SUMIFS('WH+RT PREVIOUS'!$M$2:$M$15000,'WH+RT PREVIOUS'!$B$2:$B$15000,"Imp 10-26-26",'WH+RT PREVIOUS'!$S$2:$S$15000,"MANIK LAL PAL") -> 11 | I30: =SUMIFS('WH+RT PREVIOUS'!$M$2:$M$15000,'WH+RT PREVIOUS'!$B$2:$B$15000,"MOP",'WH+RT PREVIOUS'!$S$2:$S$15000,"MANIK LAL PAL") -> 0 | J30: =SUMIFS('WH+RT PREVIOUS'!$M$2:$M$15000,'WH+RT PREVIOUS'!$B$2:$B$15000,"Imp DAP",'WH+RT PREVIOUS'!$S$2:$S$15000,"MANIK LAL PAL") -> 0 | K30: =F30+G30+H30+I30+J30 -> 21.515 | L30: =SUMIFS('WH+RT CURRENT'!$M$2:$M$15000,'WH+RT CURRENT'!$B$2:$B$15000,"N.C.Urea(45kg)",'WH+RT CURRENT'!$S$2:$S$15000,"MANIK LAL PAL") -> 10.515 | M30: =SUMIFS('WH+RT CURRENT'!$M$2:$M$15000,'WH+RT CURRENT'!$B$2:$B$15000,"15-15-15",'WH+RT CURRENT'!$S$2:$S$15000,"MANIK LAL PAL") -> 0 | N30: =SUMIFS('WH+RT CURRENT'!$M$2:$M$15000,'WH+RT CURRENT'!$B$2:$B$15000,"Imp 10-26-26",'WH+RT CURRENT'!$S$2:$S$15000,"MANIK LAL PAL") -> 11 | O30: =SUMIFS('WH+RT CURRENT'!$M$2:$M$15000,'WH+RT CURRENT'!$B$2:$B$15000,"MOP",'WH+RT CURRENT'!$S$2:$S$15000,"MANIK LAL PAL") -> 0 | P30: =SUMIFS('WH+RT CURRENT'!$M$2:$M$15000,'WH+RT CURRENT'!$B$2:$B$15000,"Imp DAP",'WH+RT CURRENT'!$S$2:$S$15000,"MANIK LAL PAL") -> 0 | Q30: =L30+M30+N30+O30+P30 -> 21.515
E33: Sibnath Dawn
F34: Previous | L34: Current
F35: UREA | G35: S-15 | H35: 10-26-26 | I35: MOP | J35: DAP | K35: TOTAL | L35: UREA | M35: S-15 | N35: 10-26-26 | O35: MOP | P35: DAP | Q35: TOTAL
E36: 181-365 | F36: =SUMIFS('WH+RT PREVIOUS'!$M$2:$M$15000,'WH+RT PREVIOUS'!$B$2:$B$15000,"N.C.Urea(45kg)",'WH+RT PREVIOUS'!$S$2:$S$15000,"Sibnath Dawn",'WH+RT PREVIOUS'!$N$2:$N$15000,">179",'WH+RT PREVIOUS'!$N$2:$N$15000,"<366") -> 2.88 | G36: =SUMIFS('WH+RT PREVIOUS'!$M$2:$M$15000,'WH+RT PREVIOUS'!$B$2:$B$15000,"15-15-15",'WH+RT PREVIOUS'!$S$2:$S$15000,"Sibnath Dawn",'WH+RT PREVIOUS'!$N$2:$N$15000,">179",'WH+RT PREVIOUS'!$N$2:$N$15000,"<366") -> 0 | H36: =SUMIFS('WH+RT PREVIOUS'!$M$2:$M$15000,'WH+RT PREVIOUS'!$B$2:$B$15000,"Imp 10-26-26",'WH+RT PREVIOUS'!$S$2:$S$15000,"Sibnath Dawn",'WH+RT PREVIOUS'!$N$2:$N$15000,">179",'WH+RT PREVIOUS'!$N$2:$N$15000,"<366") -> 0 | I36: =SUMIFS('WH+RT PREVIOUS'!$M$2:$M$15000,'WH+RT PREVIOUS'!$B$2:$B$15000,"MOP",'WH+RT PREVIOUS'!$S$2:$S$15000,"Sibnath Dawn",'WH+RT PREVIOUS'!$N$2:$N$15000,">179",'WH+RT PREVIOUS'!$N$2:$N$15000,"<366") -> 0 | J36: =SUMIFS('WH+RT PREVIOUS'!$M$2:$M$15000,'WH+RT PREVIOUS'!$B$2:$B$15000,"Imp DAP",'WH+RT PREVIOUS'!$S$2:$S$15000,"Sibnath Dawn",'WH+RT PREVIOUS'!$N$2:$N$15000,">179",'WH+RT PREVIOUS'!$N$2:$N$15000,"<366") -> 0 | K36: =F36+G36+H36+I36+J36 -> 2.88 | L36: =SUMIFS('WH+RT CURRENT'!$M$2:$M$15000,'WH+RT CURRENT'!$B$2:$B$15000,"N.C.Urea(45kg)",'WH+RT CURRENT'!$S$2:$S$15000,"Sibnath Dawn",'WH+RT CURRENT'!$N$2:$N$15000,">179",'WH+RT CURRENT'!$N$2:$N$15000,"<366") -> 2.34 | M36: =SUMIFS('WH+RT CURRENT'!$M$2:$M$15000,'WH+RT CURRENT'!$B$2:$B$15000,"15-15-15",'WH+RT CURRENT'!$S$2:$S$15000,"Sibnath Dawn",'WH+RT CURRENT'!$N$2:$N$15000,">179",'WH+RT CURRENT'!$N$2:$N$15000,"<366") -> 0 | N36: =SUMIFS('WH+RT CURRENT'!$M$2:$M$15000,'WH+RT CURRENT'!$B$2:$B$15000,"Imp 10-26-26",'WH+RT CURRENT'!$S$2:$S$15000,"Sibnath Dawn",'WH+RT CURRENT'!$N$2:$N$15000,">179",'WH+RT CURRENT'!$N$2:$N$15000,"<366") -> 0 | O36: =SUMIFS('WH+RT CURRENT'!$M$2:$M$15000,'WH+RT CURRENT'!$B$2:$B$15000,"MOP",'WH+RT CURRENT'!$S$2:$S$15000,"Sibnath Dawn",'WH+RT CURRENT'!$N$2:$N$15000,">179",'WH+RT CURRENT'!$N$2:$N$15000,"<366") -> 0 | P36: =SUMIFS('WH+RT CURRENT'!$M$2:$M$15000,'WH+RT CURRENT'!$B$2:$B$15000,"Imp DAP",'WH+RT CURRENT'!$S$2:$S$15000,"Sibnath Dawn",'WH+RT CURRENT'!$N$2:$N$15000,">179",'WH+RT CURRENT'!$N$2:$N$15000,"<366") -> 0 | Q36: =L36+M36+N36+O36+P36 -> 2.34
E37: 366+ | F37: =SUMIFS('WH+RT PREVIOUS'!$M$2:$M$15000,'WH+RT PREVIOUS'!$B$2:$B$15000,"N.C.Urea(45kg)",'WH+RT PREVIOUS'!$S$2:$S$15000,"Sibnath Dawn",'WH+RT PREVIOUS'!$N$2:$N$15000,">365") -> 0 | G37: =SUMIFS('WH+RT PREVIOUS'!$M$2:$M$15000,'WH+RT PREVIOUS'!$B$2:$B$15000,"15-15-15",'WH+RT PREVIOUS'!$S$2:$S$15000,"Sibnath Dawn",'WH+RT PREVIOUS'!$N$2:$N$15000,">365") -> 0 | H37: =SUMIFS('WH+RT PREVIOUS'!$M$2:$M$15000,'WH+RT PREVIOUS'!$B$2:$B$15000,"Imp 10-26-26",'WH+RT PREVIOUS'!$S$2:$S$15000,"Sibnath Dawn",'WH+RT PREVIOUS'!$N$2:$N$15000,">365") -> 0 | I37: =SUMIFS('WH+RT PREVIOUS'!$M$2:$M$15000,'WH+RT PREVIOUS'!$B$2:$B$15000,"MOP",'WH+RT PREVIOUS'!$S$2:$S$15000,"Sibnath Dawn",'WH+RT PREVIOUS'!$N$2:$N$15000,">365") -> 0 | J37: =SUMIFS('WH+RT PREVIOUS'!$M$2:$M$15000,'WH+RT PREVIOUS'!$B$2:$B$15000,"Imp DAP",'WH+RT PREVIOUS'!$S$2:$S$15000,"Sibnath Dawn",'WH+RT PREVIOUS'!$N$2:$N$15000,">365") -> 0 | K37: =F37+G37+H37+I37+J37 -> 0 | L37: =SUMIFS('WH+RT CURRENT'!$M$2:$M$15000,'WH+RT CURRENT'!$B$2:$B$15000,"N.C.Urea(45kg)",'WH+RT CURRENT'!$S$2:$S$15000,"Sibnath Dawn",'WH+RT CURRENT'!$N$2:$N$15000,">365") -> 0 | M37: =SUMIFS('WH+RT CURRENT'!$M$2:$M$15000,'WH+RT CURRENT'!$B$2:$B$15000,"15-15-15",'WH+RT CURRENT'!$S$2:$S$15000,"Sibnath Dawn",'WH+RT CURRENT'!$N$2:$N$15000,">365") -> 0 | N37: =SUMIFS('WH+RT CURRENT'!$M$2:$M$15000,'WH+RT CURRENT'!$B$2:$B$15000,"Imp 10-26-26",'WH+RT CURRENT'!$S$2:$S$15000,"Sibnath Dawn",'WH+RT CURRENT'!$N$2:$N$15000,">365") -> 0 | O37: =SUMIFS('WH+RT CURRENT'!$M$2:$M$15000,'WH+RT CURRENT'!$B$2:$B$15000,"MOP",'WH+RT CURRENT'!$S$2:$S$15000,"Sibnath Dawn",'WH+RT CURRENT'!$N$2:$N$15000,">365") -> 0 | P37: =SUMIFS('WH+RT CURRENT'!$M$2:$M$15000,'WH+RT CURRENT'!$B$2:$B$15000,"Imp DAP",'WH+RT CURRENT'!$S$2:$S$15000,"Sibnath Dawn",'WH+RT CURRENT'!$N$2:$N$15000,">365") -> 0 | Q37: =L37+M37+N37+O37+P37 -> 0
E38: GRAND TOTAL | F38: =F36+F37 -> 2.88 | G38: =G36+G37 -> 0 | H38: =H36+H37 -> 0 | I38: =I36+I37 -> 0 | J38: =J36+J37 -> 0 | K38: =F38+G38+H38+I38+J38 -> 2.88 | L38: =L36+L37 -> 2.34 | M38: =M36+M37 -> 0 | N38: =N36+N37 -> 0 | O38: =O36+O37 -> 0 | P38: =P36+P37 -> 0 | Q38: =L38+M38+N38+O38+P38 -> 2.34
E39: TOTAL STOCK | F39: =SUMIFS('WH+RT PREVIOUS'!$M$2:$M$15000,'WH+RT PREVIOUS'!$B$2:$B$15000,"N.C.Urea(45kg)",'WH+RT PREVIOUS'!$S$2:$S$15000,"Sibnath Dawn") -> 28.35 | G39: =SUMIFS('WH+RT PREVIOUS'!$M$2:$M$15000,'WH+RT PREVIOUS'!$B$2:$B$15000,"15-15-15",'WH+RT PREVIOUS'!$S$2:$S$15000,"Sibnath Dawn") -> 0 | H39: =SUMIFS('WH+RT PREVIOUS'!$M$2:$M$15000,'WH+RT PREVIOUS'!$B$2:$B$15000,"Imp 10-26-26",'WH+RT PREVIOUS'!$S$2:$S$15000,"Sibnath Dawn") -> 14.45 | I39: =SUMIFS('WH+RT PREVIOUS'!$M$2:$M$15000,'WH+RT PREVIOUS'!$B$2:$B$15000,"MOP",'WH+RT PREVIOUS'!$S$2:$S$15000,"Sibnath Dawn") -> 0 | J39: =SUMIFS('WH+RT PREVIOUS'!$M$2:$M$15000,'WH+RT PREVIOUS'!$B$2:$B$15000,"Imp DAP",'WH+RT PREVIOUS'!$S$2:$S$15000,"Sibnath Dawn") -> 0 | K39: =F39+G39+H39+I39+J39 -> 42.8 | L39: =SUMIFS('WH+RT CURRENT'!$M$2:$M$15000,'WH+RT CURRENT'!$B$2:$B$15000,"N.C.Urea(45kg)",'WH+RT CURRENT'!$S$2:$S$15000,"Sibnath Dawn") -> 27.81 | M39: =SUMIFS('WH+RT CURRENT'!$M$2:$M$15000,'WH+RT CURRENT'!$B$2:$B$15000,"15-15-15",'WH+RT CURRENT'!$S$2:$S$15000,"Sibnath Dawn") -> 0 | N39: =SUMIFS('WH+RT CURRENT'!$M$2:$M$15000,'WH+RT CURRENT'!$B$2:$B$15000,"Imp 10-26-26",'WH+RT CURRENT'!$S$2:$S$15000,"Sibnath Dawn") -> 14.45 | O39: =SUMIFS('WH+RT CURRENT'!$M$2:$M$15000,'WH+RT CURRENT'!$B$2:$B$15000,"MOP",'WH+RT CURRENT'!$S$2:$S$15000,"Sibnath Dawn") -> 0 | P39: =SUMIFS('WH+RT CURRENT'!$M$2:$M$15000,'WH+RT CURRENT'!$B$2:$B$15000,"Imp DAP",'WH+RT CURRENT'!$S$2:$S$15000,"Sibnath Dawn") -> 0 | Q39: =L39+M39+N39+O39+P39 -> 42.26

Sheet Birbhum
E1: Birbhum | R1: Total | S1: 5
E6: B R Datta
F7: PREVIOUS | L7: CURRENT
F8: UREA | G8: S-15 | H8: 10-26-26 | I8: MOP | J8: DAP | K8: TOTAL | L8: UREA | M8: S-15 | N8: 10-26-26 | O8: MOP | P8: DAP | Q8: TOTAL
E9: 181-365 | F9: =SUMIFS('WH+RT PREVIOUS'!$M$2:$M$15000,'WH+RT PREVIOUS'!$B$2:$B$15000,"N.C.Urea(45kg)",'WH+RT PREVIOUS'!$R$2:$R$15000,"221829",'WH+RT PREVIOUS'!$N$2:$N$15000,">179",'WH+RT PREVIOUS'!$N$2:$N$15000,"<366") -> 0.005 | G9: =SUMIFS('WH+RT PREVIOUS'!$M$2:$M$15000,'WH+RT PREVIOUS'!$B$2:$B$15000,"15-15-15",'WH+RT PREVIOUS'!$R$2:$R$15000,"221829",'WH+RT PREVIOUS'!$N$2:$N$15000,">179",'WH+RT PREVIOUS'!$N$2:$N$15000,"<366") -> 0 | H9: =SUMIFS('WH+RT PREVIOUS'!$M$2:$M$15000,'WH+RT PREVIOUS'!$B$2:$B$15000,"Imp 10-26-26",'WH+RT PREVIOUS'!$R$2:$R$15000,"221829",'WH+RT PREVIOUS'!$N$2:$N$15000,">179",'WH+RT PREVIOUS'!$N$2:$N$15000,"<366") -> 0 | I9: =SUMIFS('WH+RT PREVIOUS'!$M$2:$M$15000,'WH+RT PREVIOUS'!$B$2:$B$15000,"MOP",'WH+RT PREVIOUS'!$R$2:$R$15000,"221829",'WH+RT PREVIOUS'!$N$2:$N$15000,">179",'WH+RT PREVIOUS'!$N$2:$N$15000,"<366") -> 0 | J9: =SUMIFS('WH+RT PREVIOUS'!$M$2:$M$15000,'WH+RT PREVIOUS'!$B$2:$B$15000,"Imp DAP",'WH+RT PREVIOUS'!$R$2:$R$15000,"221829",'WH+RT PREVIOUS'!$N$2:$N$15000,">179",'WH+RT PREVIOUS'!$N$2:$N$15000,"<366") -> 0 | K9: =F9+G9+H9+I9+J9 -> 0.005 | L9: =SUMIFS('WH+RT CURRENT'!$M$2:$M$15000,'WH+RT CURRENT'!$B$2:$B$15000,"N.C.Urea(45kg)",'WH+RT CURRENT'!$R$2:$R$15000,"221829",'WH+RT CURRENT'!$N$2:$N$15000,">179",'WH+RT CURRENT'!$N$2:$N$15000,"<366") -> 0.005 | M9: =SUMIFS('WH+RT CURRENT'!$M$2:$M$15000,'WH+RT CURRENT'!$B$2:$B$15000,"15-15-15",'WH+RT CURRENT'!$R$2:$R$15000,"221829",'WH+RT CURRENT'!$N$2:$N$15000,">179",'WH+RT CURRENT'!$N$2:$N$15000,"<366") -> 0 | N9: =SUMIFS('WH+RT CURRENT'!$M$2:$M$15000,'WH+RT CURRENT'!$B$2:$B$15000,"Imp 10-26-26",'WH+RT CURRENT'!$R$2:$R$15000,"221829",'WH+RT CURRENT'!$N$2:$N$15000,">179",'WH+RT CURRENT'!$N$2:$N$15000,"<366") -> 0 | O9: =SUMIFS('WH+RT CURRENT'!$M$2:$M$15000,'WH+RT CURRENT'!$B$2:$B$15000,"MOP",'WH+RT CURRENT'!$R$2:$R$15000,"221829",'WH+RT CURRENT'!$N$2:$N$15000,">179",'WH+RT CURRENT'!$N$2:$N$15000,"<366") -> 0 | P9: =SUMIFS('WH+RT CURRENT'!$M$2:$M$15000,'WH+RT CURRENT'!$B$2:$B$15000,"Imp DAP",'WH+RT CURRENT'!$R$2:$R$15000,"221829",'WH+RT CURRENT'!$N$2:$N$15000,">179",'WH+RT CURRENT'!$N$2:$N$15000,"<366") -> 0 | Q9: =L9+M9+N9+O9+P9 -> 0.005
E10: 366+ | F10: =SUMIFS('WH+RT PREVIOUS'!$M$2:$M$15000,'WH+RT PREVIOUS'!$B$2:$B$15000,"N.C.Urea(45kg)",'WH+RT PREVIOUS'!$R$2:$R$15000,"221829",'WH+RT PREVIOUS'!$N$2:$N$15000,">365") -> 0 | G10: =SUMIFS('WH+RT PREVIOUS'!$M$2:$M$15000,'WH+RT PREVIOUS'!$B$2:$B$15000,"15-15-15",'WH+RT PREVIOUS'!$R$2:$R$15000,"221829",'WH+RT PREVIOUS'!$N$2:$N$15000,">365") -> 0 | H10: =SUMIFS('WH+RT PREVIOUS'!$M$2:$M$15000,'WH+RT PREVIOUS'!$B$2:$B$15000,"Imp 10-26-26",'WH+RT PREVIOUS'!$R$2:$R$15000,"221829",'WH+RT PREVIOUS'!$N$2:$N$15000,">365") -> 0 | I10: =SUMIFS('WH+RT PREVIOUS'!$M$2:$M$15000,'WH+RT PREVIOUS'!$B$2:$B$15000,"MOP",'WH+RT PREVIOUS'!$R$2:$R$15000,"221829",'WH+RT PREVIOUS'!$N$2:$N$15000,">365") -> 0 | J10: =SUMIFS('WH+RT PREVIOUS'!$M$2:$M$15000,'WH+RT PREVIOUS'!$B$2:$B$15000,"Imp DAP",'WH+RT PREVIOUS'!$R$2:$R$15000,"221829",'WH+RT PREVIOUS'!$N$2:$N$15000,">365") -> 0 | K10: =F10+G10+H10+I10+J10 -> 0 | L10: =SUMIFS('WH+RT CURRENT'!$M$2:$M$15000,'WH+RT CURRENT'!$B$2:$B$15000,"N.C.Urea(45kg)",'WH+RT CURRENT'!$R$2:$R$15000,"221829",'WH+RT CURRENT'!$N$2:$N$15000,">365") -> 0 | M10: =SUMIFS('WH+RT CURRENT'!$M$2:$M$15000,'WH+RT CURRENT'!$B$2:$B$15000,"15-15-15",'WH+RT CURRENT'!$R$2:$R$15000,"221829",'WH+RT CURRENT'!$N$2:$N$15000,">365") -> 0 | N10: =SUMIFS('WH+RT CURRENT'!$M$2:$M$15000,'WH+RT CURRENT'!$B$2:$B$15000,"Imp 10-26-26",'WH+RT CURRENT'!$R$2:$R$15000,"221829",'WH+RT CURRENT'!$N$2:$N$15000,">365") -> 0 | O10: =SUMIFS('WH+RT CURRENT'!$M$2:$M$15000,'WH+RT CURRENT'!$B$2:$B$15000,"MOP",'WH+RT CURRENT'!$R$2:$R$15000,"221829",'WH+RT CURRENT'!$N$2:$N$15000,">365") -> 0 | P10: =SUMIFS('WH+RT CURRENT'!$M$2:$M$15000,'WH+RT CURRENT'!$B$2:$B$15000,"Imp DAP",'WH+RT CURRENT'!$R$2:$R$15000,"221829",'WH+RT CURRENT'!$N$2:$N$15000,">365") -> 0 | Q10: =L10+M10+N10+O10+P10 -> 0
E11: GRAND TOTAL | F11: =F9+F10 -> 0.005 | G11: =G9+G10 -> 0 | H11: =H9+H10 -> 0 | I11: =I9+I10 -> 0 | J11: =J9+J10 -> 0 | K11: =F11+G11+H11+I11+J11 -> 0.005 | L11: =L9+L10 -> 0.005 | M11: =M9+M10 -> 0 | N11: =N9+N10 -> 0 | O11: =O9+O10 -> 0 | P11: =P9+P10 -> 0 | Q11: =L11+M11+N11+O11+P11 -> 0.005
E12: TOTAL STOCK | F12: =SUMIFS('WH+RT PREVIOUS'!$M$2:$M$15000,'WH+RT PREVIOUS'!$B$2:$B$15000,"N.C.Urea(45kg)",'WH+RT PREVIOUS'!$R$2:$R$15000,"221829") -> 134.425 | G12: =SUMIFS('WH+RT PREVIOUS'!$M$2:$M$15000,'WH+RT PREVIOUS'!$B$2:$B$15000,"15-15-15",'WH+RT PREVIOUS'!$R$2:$R$15000,"221829") -> 35.2 | H12: =SUMIFS('WH+RT PREVIOUS'!$M$2:$M$15000,'WH+RT PREVIOUS'!$B$2:$B$15000,"Imp 10-26-26",'WH+RT PREVIOUS'!$R$2:$R$15000,"221829") -> 11.65 | I12: =SUMIFS('WH+RT PREVIOUS'!$M$2:$M$15000,'WH+RT PREVIOUS'!$B$2:$B$15000,"MOP",'WH+RT PREVIOUS'!$R$2:$R$15000,"221829") -> 0 | J12: =SUMIFS('WH+RT PREVIOUS'!$M$2:$M$15000,'WH+RT PREVIOUS'!$B$2:$B$15000,"Imp DAP",'WH+RT PREVIOUS'!$R$2:$R$15000,"221829") -> 0 | K12: =F12+G12+H12+I12+J12 -> 181.275 | L12: =SUMIFS('WH+RT CURRENT'!$M$2:$M$15000,'WH+RT CURRENT'!$B$2:$B$15000,"N.C.Urea(45kg)",'WH+RT CURRENT'!$R$2:$R$15000,"221829") -> 134.425 | M12: =SUMIFS('WH+RT CURRENT'!$M$2:$M$15000,'WH+RT CURRENT'!$B$2:$B$15000,"15-15-15",'WH+RT CURRENT'!$R$2:$R$15000,"221829") -> 30.7 | N12: =SUMIFS('WH+RT CURRENT'!$M$2:$M$15000,'WH+RT CURRENT'!$B$2:$B$15000,"Imp 10-26-26",'WH+RT CURRENT'!$R$2:$R$15000,"221829") -> 11.65 | O12: =SUMIFS('WH+RT CURRENT'!$M$2:$M$15000,'WH+RT CURRENT'!$B$2:$B$15000,"MOP",'WH+RT CURRENT'!$R$2:$R$15000,"221829") -> 0 | P12: =SUMIFS('WH+RT CURRENT'!$M$2:$M$15000,'WH+RT CURRENT'!$B$2:$B$15000,"Imp DAP",'WH+RT CURRENT'!$R$2:$R$15000,"221829") -> 0 | Q12: =L12+M12+N12+O12+P12 -> 176.775
E15: M/S JOY NARAYAN DUTTA AND BROS
F16: PREVIOUS | L16: CURRENT
F17: UREA | G17: S-15 | H17: 10-26-26 | I17: MOP | J17: DAP | K17: TOTAL | L17: UREA | M17: S-15 | N17: 10-26-26 | O17: MOP | P17: DAP | Q17: TOTAL
E18: 181-365 | F18: =SUMIFS('WH+RT PREVIOUS'!$M$2:$M$15000,'WH+RT PREVIOUS'!$B$2:$B$15000,"N.C.Urea(45kg)",'WH+RT PREVIOUS'!$R$2:$R$15000,"262596",'WH+RT PREVIOUS'!$N$2:$N$15000,">179",'WH+RT PREVIOUS'!$N$2:$N$15000,"<366") -> 0 | G18: =SUMIFS('WH+RT PREVIOUS'!$M$2:$M$15000,'WH+RT PREVIOUS'!$B$2:$B$15000,"15-15-15",'WH+RT PREVIOUS'!$R$2:$R$15000,"262596",'WH+RT PREVIOUS'!$N$2:$N$15000,">179",'WH+RT PREVIOUS'!$N$2:$N$15000,"<366") -> 0 | H18: =SUMIFS('WH+RT PREVIOUS'!$M$2:$M$15000,'WH+RT PREVIOUS'!$B$2:$B$15000,"Imp 10-26-26",'WH+RT PREVIOUS'!$R$2:$R$15000,"262596",'WH+RT PREVIOUS'!$N$2:$N$15000,">179",'WH+RT PREVIOUS'!$N$2:$N$15000,"<366") -> 0 | I18: =SUMIFS('WH+RT PREVIOUS'!$M$2:$M$15000,'WH+RT PREVIOUS'!$B$2:$B$15000,"MOP",'WH+RT PREVIOUS'!$R$2:$R$15000,"262596",'WH+RT PREVIOUS'!$N$2:$N$15000,">179",'WH+RT PREVIOUS'!$N$2:$N$15000,"<366") -> 0 | J18: =SUMIFS('WH+RT PREVIOUS'!$M$2:$M$15000,'WH+RT PREVIOUS'!$B$2:$B$15000,"Imp DAP",'WH+RT PREVIOUS'!$R$2:$R$15000,"262596",'WH+RT PREVIOUS'!$N$2:$N$15000,">179",'WH+RT PREVIOUS'!$N$2:$N$15000,"<366") -> 0 | K18: =F18+G18+H18+I18+J18 -> 0 | L18: =SUMIFS('WH+RT CURRENT'!$M$2:$M$15000,'WH+RT CURRENT'!$B$2:$B$15000,"N.C.Urea(45kg)",'WH+RT CURRENT'!$R$2:$R$15000,"262596",'WH+RT CURRENT'!$N$2:$N$15000,">179",'WH+RT CURRENT'!$N$2:$N$15000,"<366") -> 0 | M18: =SUMIFS('WH+RT CURRENT'!$M$2:$M$15000,'WH+RT CURRENT'!$B$2:$B$15000,"15-15-15",'WH+RT CURRENT'!$R$2:$R$15000,"262596",'WH+RT CURRENT'!$N$2:$N$15000,">179",'WH+RT CURRENT'!$N$2:$N$15000,"<366") -> 0 | N18: =SUMIFS('WH+RT CURRENT'!$M$2:$M$15000,'WH+RT CURRENT'!$B$2:$B$15000,"Imp 10-26-26",'WH+RT CURRENT'!$R$2:$R$15000,"262596",'WH+RT CURRENT'!$N$2:$N$15000,">179",'WH+RT CURRENT'!$N$2:$N$15000,"<366") -> 0 | O18: =SUMIFS('WH+RT CURRENT'!$M$2:$M$15000,'WH+RT CURRENT'!$B$2:$B$15000,"MOP",'WH+RT CURRENT'!$R$2:$R$15000,"262596",'WH+RT CURRENT'!$N$2:$N$15000,">179",'WH+RT CURRENT'!$N$2:$N$15000,"<366") -> 0 | P18: =SUMIFS('WH+RT CURRENT'!$M$2:$M$15000,'WH+RT CURRENT'!$B$2:$B$15000,"Imp DAP",'WH+RT CURRENT'!$R$2:$R$15000,"262596",'WH+RT CURRENT'!$N$2:$N$15000,">179",'WH+RT CURRENT'!$N$2:$N$15000,"<366") -> 0 | Q18: =L18+M18+N18+O18+P18 -> 0
E19: 366+ | F19: =SUMIFS('WH+RT PREVIOUS'!$M$2:$M$15000,'WH+RT PREVIOUS'!$B$2:$B$15000,"N.C.Urea(45kg)",'WH+RT PREVIOUS'!$R$2:$R$15000,"262596",'WH+RT PREVIOUS'!$N$2:$N$15000,">365") -> 0 | G19: =SUMIFS('WH+RT PREVIOUS'!$M$2:$M$15000,'WH+RT PREVIOUS'!$B$2:$B$15000,"15-15-15",'WH+RT PREVIOUS'!$R$2:$R$15000,"262596",'WH+RT PREVIOUS'!$N$2:$N$15000,">365") -> 0 | H19: =SUMIFS('WH+RT PREVIOUS'!$M$2:$M$15000,'WH+RT PREVIOUS'!$B$2:$B$15000,"Imp 10-26-26",'WH+RT PREVIOUS'!$R$2:$R$15000,"262596",'WH+RT PREVIOUS'!$N$2:$N$15000,">365") -> 0 | I19: =SUMIFS('WH+RT PREVIOUS'!$M$2:$M$15000,'WH+RT PREVIOUS'!$B$2:$B$15000,"MOP",'WH+RT PREVIOUS'!$R$2:$R$15000,"262596",'WH+RT PREVIOUS'!$N$2:$N$15000,">365") -> 0 | J19: =SUMIFS('WH+RT PREVIOUS'!$M$2:$M$15000,'WH+RT PREVIOUS'!$B$2:$B$15000,"Imp DAP",'WH+RT PREVIOUS'!$R$2:$R$15000,"262596",'WH+RT PREVIOUS'!$N$2:$N$15000,">365") -> 0 | K19: =F19+G19+H19+I19+J19 -> 0 | L19: =SUMIFS('WH+RT CURRENT'!$M$2:$M$15000,'WH+RT CURRENT'!$B$2:$B$15000,"N.C.Urea(45kg)",'WH+RT CURRENT'!$R$2:$R$15000,"262596",'WH+RT CURRENT'!$N$2:$N$15000,">365") -> 0 | M19: =SUMIFS('WH+RT CURRENT'!$M$2:$M$15000,'WH+RT CURRENT'!$B$2:$B$15000,"15-15-15",'WH+RT CURRENT'!$R$2:$R$15000,"262596",'WH+RT CURRENT'!$N$2:$N$15000,">365") -> 0 | N19: =SUMIFS('WH+RT CURRENT'!$M$2:$M$15000,'WH+RT CURRENT'!$B$2:$B$15000,"Imp 10-26-26",'WH+RT CURRENT'!$R$2:$R$15000,"262596",'WH+RT CURRENT'!$N$2:$N$15000,">365") -> 0 | O19: =SUMIFS('WH+RT CURRENT'!$M$2:$M$15000,'WH+RT CURRENT'!$B$2:$B$15000,"MOP",'WH+RT CURRENT'!$R$2:$R$15000,"262596",'WH+RT CURRENT'!$N$2:$N$15000,">365") -> 0 | P19: =SUMIFS('WH+RT CURRENT'!$M$2:$M$15000,'WH+RT CURRENT'!$B$2:$B$15000,"Imp DAP",'WH+RT CURRENT'!$R$2:$R$15000,"262596",'WH+RT CURRENT'!$N$2:$N$15000,">365") -> 0 | Q19: =L19+M19+N19+O19+P19 -> 0
E20: GRAND TOTAL | F20: =F18+F19 -> 0 | G20: =G18+G19 -> 0 | H20: =H18+H19 -> 0 | I20: =I18+I19 -> 0 | J20: =J18+J19 -> 0 | K20: =F20+G20+H20+I20+J20 -> 0 | L20: =L18+L19 -> 0 | M20: =M18+M19 -> 0 | N20: =N18+N19 -> 0 | O20: =O18+O19 -> 0 | P20: =P18+P19 -> 0 | Q20: =L20+M20+N20+O20+P20 -> 0
E21: TOTAL STOCK | F21: =SUMIFS('WH+RT PREVIOUS'!$M$2:$M$15000,'WH+RT PREVIOUS'!$B$2:$B$15000,"N.C.Urea(45kg)",'WH+RT PREVIOUS'!$R$2:$R$15000,"262596") -> 0 | G21: =SUMIFS('WH+RT PREVIOUS'!$M$2:$M$15000,'WH+RT PREVIOUS'!$B$2:$B$15000,"15-15-15",'WH+RT PREVIOUS'!$R$2:$R$15000,"262596") -> 0 | H21: =SUMIFS('WH+RT PREVIOUS'!$M$2:$M$15000,'WH+RT PREVIOUS'!$B$2:$B$15000,"Imp 10-26-26",'WH+RT PREVIOUS'!$R$2:$R$15000,"262596") -> 7 | I21: =SUMIFS('WH+RT PREVIOUS'!$M$2:$M$15000,'WH+RT PREVIOUS'!$B$2:$B$15000,"MOP",'WH+RT PREVIOUS'!$R$2:$R$15000,"262596") -> 0 | J21: =SUMIFS('WH+RT PREVIOUS'!$M$2:$M$15000,'WH+RT PREVIOUS'!$B$2:$B$15000,"Imp DAP",'WH+RT PREVIOUS'!$R$2:$R$15000,"262596") -> 0 | K21: =F21+G21+H21+I21+J21 -> 7 | L21: =SUMIFS('WH+RT CURRENT'!$M$2:$M$15000,'WH+RT CURRENT'!$B$2:$B$15000,"N.C.Urea(45kg)",'WH+RT CURRENT'!$R$2:$R$15000,"262596") -> 0 | M21: =SUMIFS('WH+RT CURRENT'!$M$2:$M$15000,'WH+RT CURRENT'!$B$2:$B$15000,"15-15-15",'WH+RT CURRENT'!$R$2:$R$15000,"262596") -> 0 | N21: =SUMIFS('WH+RT CURRENT'!$M$2:$M$15000,'WH+RT CURRENT'!$B$2:$B$15000,"Imp 10-26-26",'WH+RT CURRENT'!$R$2:$R$15000,"262596") -> 7 | O21: =SUMIFS('WH+RT CURRENT'!$M$2:$M$15000,'WH+RT CURRENT'!$B$2:$B$15000,"MOP",'WH+RT CURRENT'!$R$2:$R$15000,"262596") -> 0 | P21: =SUMIFS('WH+RT CURRENT'!$M$2:$M$15000,'WH+RT CURRENT'!$B$2:$B$15000,"Imp DAP",'WH+RT CURRENT'!$R$2:$R$15000,"262596") -> 0 | Q21: =L21+M21+N21+O21+P21 -> 7
E24: M/S JOY SHANKAR DUTTA AND SONS
F25: PREVIOUS | L25: CURRENT
F26: UREA | G26: S-15 | H26: 10-26-26 | I26: MOP | J26: DAP | K26: TOTAL | L26: UREA | M26: S-15 | N26: 10-26-26 | O26: MOP | P26: DAP | Q26: TOTAL
E27: 181-365 | F27: =SUMIFS('WH+RT PREVIOUS'!$M$2:$M$15000,'WH+RT PREVIOUS'!$B$2:$B$15000,"N.C.Urea(45kg)",'WH+RT PREVIOUS'!$R$2:$R$15000,"262597",'WH+RT PREVIOUS'!$N$2:$N$15000,">179",'WH+RT PREVIOUS'!$N$2:$N$15000,"<366") -> 0 | G27: =SUMIFS('WH+RT PREVIOUS'!$M$2:$M$15000,'WH+RT PREVIOUS'!$B$2:$B$15000,"15-15-15",'WH+RT PREVIOUS'!$R$2:$R$15000,"262597",'WH+RT PREVIOUS'!$N$2:$N$15000,">179",'WH+RT PREVIOUS'!$N$2:$N$15000,"<366") -> 0 | H27: =SUMIFS('WH+RT PREVIOUS'!$M$2:$M$15000,'WH+RT PREVIOUS'!$B$2:$B$15000,"Imp 10-26-26",'WH+RT PREVIOUS'!$R$2:$R$15000,"262597",'WH+RT PREVIOUS'!$N$2:$N$15000,">179",'WH+RT PREVIOUS'!$N$2:$N$15000,"<366") -> 0 | I27: =SUMIFS('WH+RT PREVIOUS'!$M$2:$M$15000,'WH+RT PREVIOUS'!$B$2:$B$15000,"MOP",'WH+RT PREVIOUS'!$R$2:$R$15000,"262597",'WH+RT PREVIOUS'!$N$2:$N$15000,">179",'WH+RT PREVIOUS'!$N$2:$N$15000,"<366") -> 0 | J27: =SUMIFS('WH+RT PREVIOUS'!$M$2:$M$15000,'WH+RT PREVIOUS'!$B$2:$B$15000,"Imp DAP",'WH+RT PREVIOUS'!$R$2:$R$15000,"262597",'WH+RT PREVIOUS'!$N$2:$N$15000,">179",'WH+RT PREVIOUS'!$N$2:$N$15000,"<366") -> 0 | K27: =F27+G27+H27+I27+J27 -> 0 | L27: =SUMIFS('WH+RT CURRENT'!$M$2:$M$15000,'WH+RT CURRENT'!$B$2:$B$15000,"N.C.Urea(45kg)",'WH+RT CURRENT'!$R$2:$R$15000,"262597",'WH+RT CURRENT'!$N$2:$N$15000,">179",'WH+RT CURRENT'!$N$2:$N$15000,"<366") -> 0 | M27: =SUMIFS('WH+RT CURRENT'!$M$2:$M$15000,'WH+RT CURRENT'!$B$2:$B$15000,"15-15-15",'WH+RT CURRENT'!$R$2:$R$15000,"262597",'WH+RT CURRENT'!$N$2:$N$15000,">179",'WH+RT CURRENT'!$N$2:$N$15000,"<366") -> 0 | N27: =SUMIFS('WH+RT CURRENT'!$M$2:$M$15000,'WH+RT CURRENT'!$B$2:$B$15000,"Imp 10-26-26",'WH+RT CURRENT'!$R$2:$R$15000,"262597",'WH+RT CURRENT'!$N$2:$N$15000,">179",'WH+RT CURRENT'!$N$2:$N$15000,"<366") -> 0 | O27: =SUMIFS('WH+RT CURRENT'!$M$2:$M$15000,'WH+RT CURRENT'!$B$2:$B$15000,"MOP",'WH+RT CURRENT'!$R$2:$R$15000,"262597",'WH+RT CURRENT'!$N$2:$N$15000,">179",'WH+RT CURRENT'!$N$2:$N$15000,"<366") -> 0 | P27: =SUMIFS('WH+RT CURRENT'!$M$2:$M$15000,'WH+RT CURRENT'!$B$2:$B$15000,"Imp DAP",'WH+RT CURRENT'!$R$2:$R$15000,"262597",'WH+RT CURRENT'!$N$2:$N$15000,">179",'WH+RT CURRENT'!$N$2:$N$15000,"<366") -> 0 | Q27: =L27+M27+N27+O27+P27 -> 0
E28: 366+ | F28: =SUMIFS('WH+RT PREVIOUS'!$M$2:$M$15000,'WH+RT PREVIOUS'!$B$2:$B$15000,"N.C.Urea(45kg)",'WH+RT PREVIOUS'!$R$2:$R$15000,"262597",'WH+RT PREVIOUS'!$N$2:$N$15000,">365") -> 0 | G28: =SUMIFS('WH+RT PREVIOUS'!$M$2:$M$15000,'WH+RT PREVIOUS'!$B$2:$B$15000,"15-15-15",'WH+RT PREVIOUS'!$R$2:$R$15000,"262597",'WH+RT PREVIOUS'!$N$2:$N$15000,">365") -> 0 | H28: =SUMIFS('WH+RT PREVIOUS'!$M$2:$M$15000,'WH+RT PREVIOUS'!$B$2:$B$15000,"Imp 10-26-26",'WH+RT PREVIOUS'!$R$2:$R$15000,"262597",'WH+RT PREVIOUS'!$N$2:$N$15000,">365") -> 0 | I28: =SUMIFS('WH+RT PREVIOUS'!$M$2:$M$15000,'WH+RT PREVIOUS'!$B$2:$B$15000,"MOP",'WH+RT PREVIOUS'!$R$2:$R$15000,"262597",'WH+RT PREVIOUS'!$N$2:$N$15000,">365") -> 0 | J28: =SUMIFS('WH+RT PREVIOUS'!$M$2:$M$15000,'WH+RT PREVIOUS'!$B$2:$B$15000,"Imp DAP",'WH+RT PREVIOUS'!$R$2:$R$15000,"262597",'WH+RT PREVIOUS'!$N$2:$N$15000,">365") -> 0 | K28: =F28+G28+H28+I28+J28 -> 0 | L28: =SUMIFS('WH+RT CURRENT'!$M$2:$M$15000,'WH+RT CURRENT'!$B$2:$B$15000,"N.C.Urea(45kg)",'WH+RT CURRENT'!$R$2:$R$15000,"262597",'WH+RT CURRENT'!$N$2:$N$15000,">365") -> 0 | M28: =SUMIFS('WH+RT CURRENT'!$M$2:$M$15000,'WH+RT CURRENT'!$B$2:$B$15000,"15-15-15",'WH+RT CURRENT'!$R$2:$R$15000,"262597",'WH+RT CURRENT'!$N$2:$N$15000,">365") -> 0 | N28: =SUMIFS('WH+RT CURRENT'!$M$2:$M$15000,'WH+RT CURRENT'!$B$2:$B$15000,"Imp 10-26-26",'WH+RT CURRENT'!$R$2:$R$15000,"262597",'WH+RT CURRENT'!$N$2:$N$15000,">365") -> 0 | O28: =SUMIFS('WH+RT CURRENT'!$M$2:$M$15000,'WH+RT CURRENT'!$B$2:$B$15000,"MOP",'WH+RT CURRENT'!$R$2:$R$15000,"262597",'WH+RT CURRENT'!$N$2:$N$15000,">365") -> 0 | P28: =SUMIFS('WH+RT CURRENT'!$M$2:$M$15000,'WH+RT CURRENT'!$B$2:$B$15000,"Imp DAP",'WH+RT CURRENT'!$R$2:$R$15000,"262597",'WH+RT CURRENT'!$N$2:$N$15000,">365") -> 0 | Q28: =L28+M28+N28+O28+P28 -> 0
E29: GRAND TOTAL | F29: =F27+F28 -> 0 | G29: =G27+G28 -> 0 | H29: =H27+H28 -> 0 | I29: =I27+I28 -> 0 | J29: =J27+J28 -> 0 | K29: =F29+G29+H29+I29+J29 -> 0 | L29: =L27+L28 -> 0 | M29: =M27+M28 -> 0 | N29: =N27+N28 -> 0 | O29: =O27+O28 -> 0 | P29: =P27+P28 -> 0 | Q29: =L29+M29+N29+O29+P29 -> 0
E30: TOTAL STOCK | F30: =SUMIFS('WH+RT PREVIOUS'!$M$2:$M$15000,'WH+RT PREVIOUS'!$B$2:$B$15000,"N.C.Urea(45kg)",'WH+RT PREVIOUS'!$R$2:$R$15000,"262597") -> 18.64 | G30: =SUMIFS('WH+RT PREVIOUS'!$M$2:$M$15000,'WH+RT PREVIOUS'!$B$2:$B$15000,"15-15-15",'WH+RT PREVIOUS'!$R$2:$R$15000,"262597") -> 1.4 | H30: =SUMIFS('WH+RT PREVIOUS'!$M$2:$M$15000,'WH+RT PREVIOUS'!$B$2:$B$15000,"Imp 10-26-26",'WH+RT PREVIOUS'!$R$2:$R$15000,"262597") -> 0 | I30: =SUMIFS('WH+RT PREVIOUS'!$M$2:$M$15000,'WH+RT PREVIOUS'!$B$2:$B$15000,"MOP",'WH+RT PREVIOUS'!$R$2:$R$15000,"262597") -> 0 | J30: =SUMIFS('WH+RT PREVIOUS'!$M$2:$M$15000,'WH+RT PREVIOUS'!$B$2:$B$15000,"Imp DAP",'WH+RT PREVIOUS'!$R$2:$R$15000,"262597") -> 0 | K30: =F30+G30+H30+I30+J30 -> 20.04 | L30: =SUMIFS('WH+RT CURRENT'!$M$2:$M$15000,'WH+RT CURRENT'!$B$2:$B$15000,"N.C.Urea(45kg)",'WH+RT CURRENT'!$R$2:$R$15000,"262597") -> 17.65 | M30: =SUMIFS('WH+RT CURRENT'!$M$2:$M$15000,'WH+RT CURRENT'!$B$2:$B$15000,"15-15-15",'WH+RT CURRENT'!$R$2:$R$15000,"262597") -> 0 | N30: =SUMIFS('WH+RT CURRENT'!$M$2:$M$15000,'WH+RT CURRENT'!$B$2:$B$15000,"Imp 10-26-26",'WH+RT CURRENT'!$R$2:$R$15000,"262597") -> 0 | O30: =SUMIFS('WH+RT CURRENT'!$M$2:$M$15000,'WH+RT CURRENT'!$B$2:$B$15000,"MOP",'WH+RT CURRENT'!$R$2:$R$15000,"262597") -> 0 | P30: =SUMIFS('WH+RT CURRENT'!$M$2:$M$15000,'WH+RT CURRENT'!$B$2:$B$15000,"Imp DAP",'WH+RT CURRENT'!$R$2:$R$15000,"262597") -> 0 | Q30: =L30+M30+N30+O30+P30 -> 17.65
E33: M/s. Kishan Fertilizer
F34: PREVIOUS | L34: CURRENT
F35: UREA | G35: S-15 | H35: 10-26-26 | I35: MOP | J35: DAP | K35: TOTAL | L35: UREA | M35: S-15 | N35: 10-26-26 | O35: MOP | P35: DAP | Q35: TOTAL
E36: 181-365 | F36: =SUMIFS('WH+RT PREVIOUS'!$M$2:$M$15000,'WH+RT PREVIOUS'!$B$2:$B$15000,"N.C.Urea(45kg)",'WH+RT PREVIOUS'!$R$2:$R$15000,"262599",'WH+RT PREVIOUS'!$N$2:$N$15000,">179",'WH+RT PREVIOUS'!$N$2:$N$15000,"<366") -> 0 | G36: =SUMIFS('WH+RT PREVIOUS'!$M$2:$M$15000,'WH+RT PREVIOUS'!$B$2:$B$15000,"15-15-15",'WH+RT PREVIOUS'!$R$2:$R$15000,"262599",'WH+RT PREVIOUS'!$N$2:$N$15000,">179",'WH+RT PREVIOUS'!$N$2:$N$15000,"<366") -> 0 | H36: =SUMIFS('WH+RT PREVIOUS'!$M$2:$M$15000,'WH+RT PREVIOUS'!$B$2:$B$15000,"Imp 10-26-26",'WH+RT PREVIOUS'!$R$2:$R$15000,"262599",'WH+RT PREVIOUS'!$N$2:$N$15000,">179",'WH+RT PREVIOUS'!$N$2:$N$15000,"<366") -> 0 | I36: =SUMIFS('WH+RT PREVIOUS'!$M$2:$M$15000,'WH+RT PREVIOUS'!$B$2:$B$15000,"MOP",'WH+RT PREVIOUS'!$R$2:$R$15000,"262599",'WH+RT PREVIOUS'!$N$2:$N$15000,">179",'WH+RT PREVIOUS'!$N$2:$N$15000,"<366") -> 0 | J36: =SUMIFS('WH+RT PREVIOUS'!$M$2:$M$15000,'WH+RT PREVIOUS'!$B$2:$B$15000,"Imp DAP",'WH+RT PREVIOUS'!$R$2:$R$15000,"262599",'WH+RT PREVIOUS'!$N$2:$N$15000,">179",'WH+RT PREVIOUS'!$N$2:$N$15000,"<366") -> 0 | K36: =F36+G36+H36+I36+J36 -> 0 | L36: =SUMIFS('WH+RT CURRENT'!$M$2:$M$15000,'WH+RT CURRENT'!$B$2:$B$15000,"N.C.Urea(45kg)",'WH+RT CURRENT'!$R$2:$R$15000,"262599",'WH+RT CURRENT'!$N$2:$N$15000,">179",'WH+RT CURRENT'!$N$2:$N$15000,"<366") -> 0 | M36: =SUMIFS('WH+RT CURRENT'!$M$2:$M$15000,'WH+RT CURRENT'!$B$2:$B$15000,"15-15-15",'WH+RT CURRENT'!$R$2:$R$15000,"262599",'WH+RT CURRENT'!$N$2:$N$15000,">179",'WH+RT CURRENT'!$N$2:$N$15000,"<366") -> 0 | N36: =SUMIFS('WH+RT CURRENT'!$M$2:$M$15000,'WH+RT CURRENT'!$B$2:$B$15000,"Imp 10-26-26",'WH+RT CURRENT'!$R$2:$R$15000,"262599",'WH+RT CURRENT'!$N$2:$N$15000,">179",'WH+RT CURRENT'!$N$2:$N$15000,"<366") -> 0 | O36: =SUMIFS('WH+RT CURRENT'!$M$2:$M$15000,'WH+RT CURRENT'!$B$2:$B$15000,"MOP",'WH+RT CURRENT'!$R$2:$R$15000,"262599",'WH+RT CURRENT'!$N$2:$N$15000,">179",'WH+RT CURRENT'!$N$2:$N$15000,"<366") -> 0 | P36: =SUMIFS('WH+RT CURRENT'!$M$2:$M$15000,'WH+RT CURRENT'!$B$2:$B$15000,"Imp DAP",'WH+RT CURRENT'!$R$2:$R$15000,"262599",'WH+RT CURRENT'!$N$2:$N$15000,">179",'WH+RT CURRENT'!$N$2:$N$15000,"<366") -> 0 | Q36: =L36+M36+N36+O36+P36 -> 0
E37: 366+ | F37: =SUMIFS('WH+RT PREVIOUS'!$M$2:$M$15000,'WH+RT PREVIOUS'!$B$2:$B$15000,"N.C.Urea(45kg)",'WH+RT PREVIOUS'!$R$2:$R$15000,"262599",'WH+RT PREVIOUS'!$N$2:$N$15000,">365") -> 3.78 | G37: =SUMIFS('WH+RT PREVIOUS'!$M$2:$M$15000,'WH+RT PREVIOUS'!$B$2:$B$15000,"15-15-15",'WH+RT PREVIOUS'!$R$2:$R$15000,"262599",'WH+RT PREVIOUS'!$N$2:$N$15000,">365") -> 0 | H37: =SUMIFS('WH+RT PREVIOUS'!$M$2:$M$15000,'WH+RT PREVIOUS'!$B$2:$B$15000,"Imp 10-26-26",'WH+RT PREVIOUS'!$R$2:$R$15000,"262599",'WH+RT PREVIOUS'!$N$2:$N$15000,">365") -> 0 | I37: =SUMIFS('WH+RT PREVIOUS'!$M$2:$M$15000,'WH+RT PREVIOUS'!$B$2:$B$15000,"MOP",'WH+RT PREVIOUS'!$R$2:$R$15000,"262599",'WH+RT PREVIOUS'!$N$2:$N$15000,">365") -> 0 | J37: =SUMIFS('WH+RT PREVIOUS'!$M$2:$M$15000,'WH+RT PREVIOUS'!$B$2:$B$15000,"Imp DAP",'WH+RT PREVIOUS'!$R$2:$R$15000,"262599",'WH+RT PREVIOUS'!$N$2:$N$15000,">365") -> 0 | K37: =F37+G37+H37+I37+J37 -> 3.78 | L37: =SUMIFS('WH+RT CURRENT'!$M$2:$M$15000,'WH+RT CURRENT'!$B$2:$B$15000,"N.C.Urea(45kg)",'WH+RT CURRENT'!$R$2:$R$15000,"262599",'WH+RT CURRENT'!$N$2:$N$15000,">365") -> 3.78 | M37: =SUMIFS('WH+RT CURRENT'!$M$2:$M$15000,'WH+RT CURRENT'!$B$2:$B$15000,"15-15-15",'WH+RT CURRENT'!$R$2:$R$15000,"262599",'WH+RT CURRENT'!$N$2:$N$15000,">365") -> 0 | N37: =SUMIFS('WH+RT CURRENT'!$M$2:$M$15000,'WH+RT CURRENT'!$B$2:$B$15000,"Imp 10-26-26",'WH+RT CURRENT'!$R$2:$R$15000,"262599",'WH+RT CURRENT'!$N$2:$N$15000,">365") -> 0 | O37: =SUMIFS('WH+RT CURRENT'!$M$2:$M$15000,'WH+RT CURRENT'!$B$2:$B$15000,"MOP",'WH+RT CURRENT'!$R$2:$R$15000,"262599",'WH+RT CURRENT'!$N$2:$N$15000,">365") -> 0 | P37: =SUMIFS('WH+RT CURRENT'!$M$2:$M$15000,'WH+RT CURRENT'!$B$2:$B$15000,"Imp DAP",'WH+RT CURRENT'!$R$2:$R$15000,"262599",'WH+RT CURRENT'!$N$2:$N$15000,">365") -> 0 | Q37: =L37+M37+N37+O37+P37 -> 3.78
E38: GRAND TOTAL | F38: =F36+F37 -> 3.78 | G38: =G36+G37 -> 0 | H38: =H36+H37 -> 0 | I38: =I36+I37 -> 0 | J38: =J36+J37 -> 0 | K38: =F38+G38+H38+I38+J38 -> 3.78 | L38: =L36+L37 -> 3.78 | M38: =M36+M37 -> 0 | N38: =N36+N37 -> 0 | O38: =O36+O37 -> 0 | P38: =P36+P37 -> 0 | Q38: =L38+M38+N38+O38+P38 -> 3.78
E39: TOTAL STOCK | F39: =SUMIFS('WH+RT PREVIOUS'!$M$2:$M$15000,'WH+RT PREVIOUS'!$B$2:$B$15000,"N.C.Urea(45kg)",'WH+RT PREVIOUS'!$R$2:$R$15000,"262599") -> 138.59 | G39: =SUMIFS('WH+RT PREVIOUS'!$M$2:$M$15000,'WH+RT PREVIOUS'!$B$2:$B$15000,"15-15-15",'WH+RT PREVIOUS'!$R$2:$R$15000,"262599") -> 90 | H39: =SUMIFS('WH+RT PREVIOUS'!$M$2:$M$15000,'WH+RT PREVIOUS'!$B$2:$B$15000,"Imp 10-26-26",'WH+RT PREVIOUS'!$R$2:$R$15000,"262599") -> 55.3 | I39: =SUMIFS('WH+RT PREVIOUS'!$M$2:$M$15000,'WH+RT PREVIOUS'!$B$2:$B$15000,"MOP",'WH+RT PREVIOUS'!$R$2:$R$15000,"262599") -> 0 | J39: =SUMIFS('WH+RT PREVIOUS'!$M$2:$M$15000,'WH+RT PREVIOUS'!$B$2:$B$15000,"Imp DAP",'WH+RT PREVIOUS'!$R$2:$R$15000,"262599") -> 0 | K39: =F39+G39+H39+I39+J39 -> 283.89 | L39: =SUMIFS('WH+RT CURRENT'!$M$2:$M$15000,'WH+RT CURRENT'!$B$2:$B$15000,"N.C.Urea(45kg)",'WH+RT CURRENT'!$R$2:$R$15000,"262599") -> 138.14 | M39: =SUMIFS('WH+RT CURRENT'!$M$2:$M$15000,'WH+RT CURRENT'!$B$2:$B$15000,"15-15-15",'WH+RT CURRENT'!$R$2:$R$15000,"262599") -> 0 | N39: =SUMIFS('WH+RT CURRENT'!$M$2:$M$15000,'WH+RT CURRENT'!$B$2:$B$15000,"Imp 10-26-26",'WH+RT CURRENT'!$R$2:$R$15000,"262599") -> 55.3 | O39: =SUMIFS('WH+RT CURRENT'!$M$2:$M$15000,'WH+RT CURRENT'!$B$2:$B$15000,"MOP",'WH+RT CURRENT'!$R$2:$R$15000,"262599") -> 0 | P39: =SUMIFS('WH+RT CURRENT'!$M$2:$M$15000,'WH+RT CURRENT'!$B$2:$B$15000,"Imp DAP",'WH+RT CURRENT'!$R$2:$R$15000,"262599") -> 0 | Q39: =L39+M39+N39+O39+P39 -> 193.44
E42: Sree Maa Fertilizer
F43: PREVIOUS | L43: CURRENT
F44: UREA | G44: S-15 | H44: 10-26-26 | I44: MOP | J44: DAP | K44: TOTAL | L44: UREA | M44: S-15 | N44: 10-26-26 | O44: MOP | P44: DAP | Q44: TOTAL
